date,elec,gas
2016-01-01,32.95837132352941,NA
2016-01-02,34.88010171568627,NA
2016-01-03,30.351933397271953,NA
2016-01-04,41.29725383631713,NA
2016-01-05,44.634172953964196,NA
2016-01-06,42.16958663682865,NA
2016-01-07,49.654708667557934,NA
2016-01-08,46.86790334612106,NA
2016-01-09,43.74238512361466,NA
2016-01-10,34.39679827365729,NA
2016-01-11,46.74038073752228,NA
2016-01-12,44.70809976604278,NA
2016-01-13,46.155001671122996,NA
2016-01-14,47.837983622994656,NA
2016-01-15,50.45161374777184,NA
2016-01-16,38.33009859625668,NA
2016-01-17,31.87535082442068,NA
2016-01-18,50.507966800356506,NA
2016-01-19,58.6083454768271,NA
2016-01-20,61.32939115418895,NA
2016-01-21,72.99945320855615,NA
2016-01-22,50.984061385918004,NA
2016-01-23,42.206995098039215,NA
2016-01-24,38.079384697357206,NA
2016-01-25,46.16003351449275,NA
2016-01-26,42.23813640238704,NA
2016-01-27,40.51173986185383,NA
2016-01-28,41.71394217914438,NA
2016-01-29,41.03029211229946,NA
2016-01-30,33.51677952317291,NA
2016-01-31,28.393178698752227,NA
2016-02-01,38.20004656862745,NA
2016-02-02,37.00063458110517,NA
2016-02-03,35.87488803475936,NA
2016-02-04,34.79264483065953,NA
2016-02-05,37.634094919786094,NA
2016-02-06,29.829143648763853,NA
2016-02-07,22.533032642602496,NA
2016-02-08,30.21326827094474,NA
2016-02-09,31.303830436720144,NA
2016-02-10,29.930382631461676,NA
2016-02-11,33.781697526737965,NA
2016-02-12,36.05687793052003,NA
2016-02-13,27.428311051693402,NA
2016-02-14,22.283456788150044,NA
2016-02-15,31.568792223707664,NA
2016-02-16,36.606294953208554,NA
2016-02-17,33.7014064728164,NA
2016-02-18,34.179598763368986,NA
2016-02-19,33.95206651069519,NA
2016-02-20,25.371910539215687,NA
2016-02-21,18.559520053475936,NA
2016-02-22,28.266460784313725,NA
2016-02-23,30.677054367201425,NA
2016-02-24,31.596960450089128,NA
2016-02-25,34.0588117201426,NA
2016-02-26,33.24508149509804,NA
2016-02-27,27.100971479500892,NA
2016-02-28,22.609086731283423,NA
2016-02-29,30.431513090463458,NA
2016-03-01,31.404225378787878,NA
2016-03-02,31.74653665329768,NA
2016-03-03,33.33517563502674,NA
2016-03-04,31.761876782531196,NA
2016-03-05,27.333992312834226,NA
2016-03-06,24.288529968805705,NA
2016-03-07,33.382237410873444,NA
2016-03-08,34.65783990641712,NA
2016-03-09,32.56551465017825,NA
2016-03-10,33.416979556595365,NA
2016-03-11,34.32623117201426,NA
2016-03-12,31.09776593137255,NA
2016-03-13,26.54355887923351,NA
2016-03-14,32.39161642156863,NA
2016-03-15,37.06482475490196,NA
2016-03-16,35.991423351158645,NA
2016-03-17,36.07601453877005,NA
2016-03-18,34.511363023618536,NA
2016-03-19,30.93213503734827,NA
2016-03-20,28.104269957983192,NA
2016-03-21,35.62454935383244,NA
2016-03-22,36.59883411319073,NA
2016-03-23,34.74722209224599,NA
2016-03-24,33.28967463235294,NA
2016-03-25,30.827335672905523,NA
2016-03-26,27.494044117647057,NA
2016-03-27,18.37019618983957,NA
2016-03-28,19.02003431372549,NA
2016-03-29,32.7954389483066,NA
2016-03-30,34.48814939839572,NA
2016-03-31,32.834170677361854,NA
2016-04-01,33.433039494206774,NA
2016-04-02,28.96890987076649,NA
2016-04-03,24.95503442513369,NA
2016-04-04,33.77704155525847,NA
2016-04-05,33.426595978163995,NA
2016-04-06,31.046633244206774,NA
2016-04-07,29.99848718805704,NA
2016-04-08,32.40872147950089,NA
2016-04-09,29.03007798573975,NA
2016-04-10,25.54295889037433,NA
2016-04-11,31.307802250445633,NA
2016-04-12,33.28620521390374,NA
2016-04-13,34.11893126114082,NA
2016-04-14,32.79884024064171,NA
2016-04-15,31.73462188057041,NA
2016-04-16,25.842548462566846,NA
2016-04-17,26.145354389483064,NA
2016-04-18,34.367023284313724,NA
2016-04-19,29.7073440285205,NA
2016-04-20,29.115616421568628,NA
2016-04-21,33.16422782976827,NA
2016-04-22,32.38889338235294,NA
2016-04-23,29.80165251782531,NA
2016-04-24,24.246466131907308,NA
2016-04-25,36.029483511586456,NA
2016-04-26,37.60922782976827,NA
2016-04-27,36.943695409982176,NA
2016-04-28,39.754529077540106,NA
2016-04-29,36.70473195187166,NA
2016-04-30,31.219479835115866,NA
2016-05-01,23.675501782531196,NA
2016-05-02,31.11236196524064,NA
2016-05-03,31.52203509358289,NA
2016-05-04,34.352582442067735,NA
2016-05-05,32.10914694741533,NA
2016-05-06,34.613582999108736,NA
2016-05-07,26.339720365418895,NA
2016-05-08,16.35854389483066,NA
2016-05-09,32.8023451426025,NA
2016-05-10,36.758754512032084,NA
2016-05-11,35.40228754456328,NA
2016-05-12,34.101041443850264,NA
2016-05-13,32.68457943404635,NA
2016-05-14,21.24322771836007,NA
2016-05-15,17.95267491087344,NA
2016-05-16,32.98113435828877,NA
2016-05-17,42.299697972370765,NA
2016-05-18,45.50212171345811,NA
2016-05-19,46.91428520499109,NA
2016-05-20,44.38495343137255,NA
2016-05-21,36.0725003342246,NA
2016-05-22,29.252176916221035,NA
2016-05-23,43.58515953654189,NA
2016-05-24,43.33291276737968,NA
2016-05-25,45.57781617647059,NA
2016-05-26,44.45992780748663,NA
2016-05-27,46.30660405525847,NA
2016-05-28,38.0091857174688,NA
2016-05-29,30.921975824420677,NA
2016-05-30,44.77845721925134,NA
2016-05-31,46.39127595811052,NA
2016-06-01,48.62598763368984,NA
2016-06-02,46.188510026737966,NA
2016-06-03,46.89485929144385,NA
2016-06-04,40.962729946524064,NA
2016-06-05,37.398988524955435,NA
2016-06-06,48.999873997326205,NA
2016-06-07,48.28423663101604,NA
2016-06-08,48.43848094919786,NA
2016-06-09,48.475572860962565,NA
2016-06-10,45.74244986631016,NA
2016-06-11,42.28818181818182,NA
2016-06-12,39.56277462121212,NA
2016-06-13,43.69017338022165,NA
2016-06-14,39.75643460338681,NA
2016-06-15,39.929698640819964,NA
2016-06-16,39.3005004456328,NA
2016-06-17,37.84403676470588,NA
2016-06-18,29.94105926916221,NA
2016-06-19,27.795170677361853,NA
2016-06-20,38.6997486631016,NA
2016-06-21,42.83951325757576,NA
2016-06-22,42.398911430481284,NA
2016-06-23,41.55653821301248,NA
2016-06-24,41.23873975044563,NA
2016-06-25,35.4876889483066,NA
2016-06-26,28.625329991087344,NA
2016-06-27,46.23784948752228,NA
2016-06-28,50.85026559714795,NA
2016-06-29,41.26525278520499,NA
2016-06-30,40.08340028966132,NA
2016-07-01,45.371877785204994,NA
2016-07-02,38.62725222816399,NA
2016-07-03,29.885222399829498,NA
2016-07-04,41.38012856506239,NA
2016-07-05,38.91530147058823,NA
2016-07-06,36.03190281329923,NA
2016-07-07,39.02323484848485,NA
2016-07-08,39.5990923573975,NA
2016-07-09,34.28424209001783,NA
2016-07-10,30.356010583778968,NA
2016-07-11,41.685734068627454,NA
2016-07-12,45.36167335115864,NA
2016-07-13,42.61123518270945,NA
2016-07-14,39.62900824420677,NA
2016-07-15,37.914324532085566,NA
2016-07-16,33.40418449197861,NA
2016-07-17,30.208910093582887,NA
2016-07-18,36.72882798573975,NA
2016-07-19,35.84820928030303,NA
2016-07-20,40.14614176693404,NA
2016-07-21,42.218914327094474,NA
2016-07-22,40.803521056149734,NA
2016-07-23,39.134691399286986,NA
2016-07-24,34.560861040068204,NA
2016-07-25,41.42717686051693,NA
2016-07-26,41.59443014705882,NA
2016-07-27,41.525296568627454,NA
2016-07-28,41.996887787723786,NA
2016-07-29,42.45057544757034,NA
2016-07-30,36.61006894714408,NA
2016-07-31,33.476995655080216,NA
2016-08-01,40.014433934937614,NA
2016-08-02,41.93756851604278,NA
2016-08-03,40.031017156862745,NA
2016-08-04,39.17391053921568,NA
2016-08-05,40.86071234402852,NA
2016-08-06,36.43747593582888,NA
2016-08-07,28.073388480392158,NA
2016-08-08,35.81999331550802,NA
2016-08-09,37.185020164884136,NA
2016-08-10,36.36101504010695,NA
2016-08-11,37.456951648841354,NA
2016-08-12,35.3168429144385,NA
2016-08-13,29.582074197860962,NA
2016-08-14,30.218770499108736,NA
2016-08-15,36.447200980392154,NA
2016-08-16,38.49237054367202,NA
2016-08-17,38.12304991087344,NA
2016-08-18,38.340171122994654,NA
2016-08-19,34.85427484402852,NA
2016-08-20,33.58069373885918,NA
2016-08-21,29.70636887254902,NA
2016-08-22,37.96305236185383,NA
2016-08-23,38.228262143493765,NA
2016-08-24,37.17718059269162,NA
2016-08-25,36.852471813725494,NA
2016-08-26,38.027480614973264,NA
2016-08-27,35.63867190285205,NA
2016-08-28,33.30806561942959,NA
2016-08-29,40.00365441176471,NA
2016-08-30,41.50038491532977,NA
2016-08-31,39.416058099376116,NA
2016-09-01,42.10254690285205,NA
2016-09-02,41.665860516934046,NA
2016-09-03,37.66976281194296,NA
2016-09-04,33.06435294117647,NA
2016-09-05,43.24159893048128,NA
2016-09-06,42.50600462344028,NA
2016-09-07,42.67909976604278,NA
2016-09-08,41.75594195632799,NA
2016-09-09,42.126098930481284,NA
2016-09-10,37.370460561497325,NA
2016-09-11,34.430600155971476,NA
2016-09-12,43.23213057040998,NA
2016-09-13,44.32909915329768,NA
2016-09-14,43.76406695632799,NA
2016-09-15,41.44415814393939,NA
2016-09-16,40.407473262032084,NA
2016-09-17,36.90417190285205,NA
2016-09-18,33.80282566069906,NA
2016-09-19,42.6257829768271,NA
2016-09-20,41.303085672905524,NA
2016-09-21,43.465858901515155,NA
2016-09-22,42.62528693181818,NA
2016-09-23,41.60322755124777,NA
2016-09-24,38.72576526292335,NA
2016-09-25,35.015671122994654,NA
2016-09-26,45.08232904411765,NA
2016-09-27,44.410039215686275,NA
2016-09-28,40.155385249554364,NA
2016-09-29,40.06353475935829,NA
2016-09-30,43.898393270944744,NA
2016-10-01,37.85318950534759,NA
2016-10-02,41.029521947415326,NA
2016-10-03,51.012322192513366,NA
2016-10-04,42.60309910485933,NA
2016-10-05,44.80669797794118,NA
2016-10-06,51.816192788957686,NA
2016-10-07,52.383447749554364,NA
2016-10-08,42.56164661319073,NA
2016-10-09,42.79196602049911,NA
2016-10-10,66.62652417557932,NA
2016-10-11,60.75253943850267,NA
2016-10-12,60.666720161977835,NA
2016-10-13,58.57001281194296,NA
2016-10-14,49.2239244458653,NA
2016-10-15,43.100372335890874,NA
2016-10-16,39.19123017902813,NA
2016-10-17,50.052320688502675,NA
2016-10-18,54.78547899955437,NA
2016-10-19,56.55933472593583,NA
2016-10-20,56.25661029411765,NA
2016-10-21,54.38782821824382,NA
2016-10-22,49.574626918158565,NA
2016-10-23,42.7541884057971,NA
2016-10-24,54.79116945187166,NA
2016-10-25,64.14296312388592,NA
2016-10-26,57.623007241532974,NA
2016-10-27,50.76369630124777,NA
2016-10-28,48.05923135123614,NA
2016-10-29,44.2804939258312,NA
2016-10-30,45.27495476342711,NA
2016-10-31,51.74498529411765,NA
2016-11-01,47.6938227124183,NA
2016-11-02,50.899296466503266,NA
2016-11-03,60.339590788398695,NA
2016-11-04,57.06258045609548,NA
2016-11-05,49.08527542892157,NA
2016-11-06,44.57936082693947,NA
2016-11-07,61.224647485080986,NA
2016-11-08,66.16418936487638,NA
2016-11-09,62.1603334398977,NA
2016-11-10,64.48303047740835,NA
2016-11-11,61.9948737745098,NA
2016-11-12,48.464192550505054,NA
2016-11-13,42.906621909633415,NA
2016-11-14,56.992161653297686,NA
2016-11-15,56.62190073529412,NA
2016-11-16,57.13412563938619,NA
2016-11-17,49.981923128342245,NA
2016-11-18,45.85597927807486,NA
2016-11-19,41.66025085251492,NA
2016-11-20,32.850262663398695,NA
2016-11-21,47.55729028132993,NA
2016-11-22,50.71055943627451,NA
2016-11-23,54.561228953537935,NA
2016-11-24,51.03224802855925,NA
2016-11-25,52.21660453964194,NA
2016-11-26,45.91782653743316,NA
2016-11-27,38.59087212276215,NA
2016-11-28,54.7121192455243,NA
2016-11-29,53.15740707587383,NA
2016-11-30,52.63392615089514,NA
2016-12-01,56.84580555555556,NA
2016-12-02,48.26215385472371,NA
2016-12-03,49.27483678698752,NA
2016-12-04,45.89316133844842,NA
2016-12-05,54.78255325311943,NA
2016-12-06,61.67615953654189,NA
2016-12-07,51.801726236146635,NA
2016-12-08,42.30489386189258,NA
2016-12-09,45.81908184143222,NA
2016-12-10,45.34197824754902,NA
2016-12-11,41.92104258578431,NA
2016-12-12,58.98673625319693,NA
2016-12-13,54.35084068627451,NA
2016-12-14,64.73620151321398,NA
2016-12-15,61.10408359974424,NA
2016-12-16,62.97338347186701,NA
2016-12-17,54.62205902777778,NA
2016-12-18,49.96112766410912,NA
2016-12-19,62.52300367647059,NA
2016-12-20,58.45322010869565,NA
2016-12-21,56.24277217023173,NA
2016-12-22,59.07342747326203,NA
2016-12-23,51.793155748663104,NA
2016-12-24,42.214723930481284,NA
2016-12-25,34.72194953208556,NA
2016-12-26,35.235113491048594,NA
2016-12-27,45.82920151321398,NA
2016-12-28,49.71681329923274,NA
2016-12-29,45.86566961898396,NA
2016-12-30,45.761286319073086,NA
2016-12-31,47.038997994652405,NA
2017-01-01,42.26653564133987,NA
2017-01-02,51.228129595588236,NA
2017-01-03,56.9776262254902,NA
2017-01-04,53.924345383986925,NA
2017-01-05,59.63037632761438,NA
2017-01-06,56.28155189684569,NA
2017-01-07,52.81907630008526,NA
2017-01-08,55.943073263000855,NA
2017-01-09,69.94286988491048,NA
2017-01-10,74.48032603367433,NA
2017-01-11,68.54604198635977,NA
2017-01-12,69.31019831628304,NA
2017-01-13,67.23146813725491,NA
2017-01-14,54.595068831699344,NA
2017-01-15,58.34055093776641,NA
2017-01-16,84.0997900682012,NA
2017-01-17,85.4691095481671,NA
2017-01-18,77.49240137468031,NA
2017-01-19,82.01511722080136,NA
2017-01-20,82.63336903239556,NA
2017-01-21,63.567342497868715,NA
2017-01-22,55.57233503836317,NA
2017-01-23,84.81047911338449,NA
2017-01-24,96.77808477195227,NA
2017-01-25,91.9184232203751,NA
2017-01-26,82.05575015984655,NA
2017-01-27,79.27413203324808,NA
2017-01-28,67.68025111892582,NA
2017-01-29,59.137208120204605,NA
2017-01-30,78.48271861679454,NA
2017-01-31,85.2165843456948,NA
2017-02-01,79.62172431798807,NA
2017-02-02,71.71077573529412,NA
2017-02-03,62.37696547314578,NA
2017-02-04,50.07437670502984,NA
2017-02-05,46.54507043904518,NA
2017-02-06,64.77785523231032,NA
2017-02-07,64.23124403239557,NA
2017-02-08,64.65912329497016,NA
2017-02-09,65.77215590366582,NA
2017-02-10,62.87537148337596,NA
2017-02-11,48.754767769607845,NA
2017-02-12,43.562330775788574,NA
2017-02-13,56.46683061594203,NA
2017-02-14,54.75639519394714,NA
2017-02-15,56.12177078005115,NA
2017-02-16,57.412037244245525,NA
2017-02-17,56.77397580988917,NA
2017-02-18,49.87745471014493,NA
2017-02-19,41.6854047314578,NA
2017-02-20,52.320329963235295,NA
2017-02-21,50.20861468545752,NA
2017-02-22,44.71834620098039,NA
2017-02-23,54.5580402369281,NA
2017-02-24,43.86500351662404,NA
2017-02-25,44.923400575447566,NA
2017-02-26,34.21690808823529,NA
2017-02-27,47.66302502042484,NA
2017-02-28,41.157177536231885,NA
2017-03-01,46.97005072463768,NA
2017-03-02,43.633258986928105,NA
2017-03-03,44.5501568627451,NA
2017-03-04,38.95364328022876,NA
2017-03-05,30.657339154411765,NA
2017-03-06,46.436432393790845,NA
2017-03-07,54.312126531862745,NA
2017-03-08,43.550148488562094,NA
2017-03-09,46.038745659722224,NA
2017-03-10,44.195643178104575,NA
2017-03-11,38.970193423202616,NA
2017-03-12,33.644789317810456,NA
2017-03-13,43.22644398488562,NA
2017-03-14,40.05179473039215,NA
2017-03-15,40.74855177696079,NA
2017-03-16,42.8261634497549,NA
2017-03-17,42.66936386846405,NA
2017-03-18,34.773805249183006,NA
2017-03-19,32.12268218954248,NA
2017-03-20,47.60243841911765,NA
2017-03-21,45.75312326388889,NA
2017-03-22,43.569129493464054,NA
2017-03-23,44.1272878880719,NA
2017-03-24,44.3051622753268,NA
2017-03-25,39.88065247140523,NA
2017-03-26,34.49870649509804,NA
2017-03-27,41.4524014501634,NA
2017-03-28,44.430061989379084,NA
2017-03-29,43.45032465277778,NA
2017-03-30,41.27344301470588,NA
2017-03-31,43.061428819444444,NA
2017-04-01,39.09763153594771,NA
2017-04-02,35.39653227124183,NA
2017-04-03,47.67493913398693,NA
2017-04-04,48.232386437908495,NA
2017-04-05,45.83543045343137,NA
2017-04-06,43.855369434232024,NA
2017-04-07,44.2938407373366,NA
2017-04-08,40.44111019199346,NA
2017-04-09,35.1888070874183,NA
2017-04-10,41.39167289624183,NA
2017-04-11,42.47136274509804,NA
2017-04-12,43.06268852124183,NA
2017-04-13,43.615352839052285,NA
2017-04-14,41.412003472222224,NA
2017-04-15,35.90514276960784,NA
2017-04-16,32.33213562091503,NA
2017-04-17,32.85876041666667,NA
2017-04-18,43.62240900735294,NA
2017-04-19,44.95674371936275,NA
2017-04-20,43.95593586601307,NA
2017-04-21,40.97007455065359,NA
2017-04-22,39.522220690359475,NA
2017-04-23,36.10541299019608,NA
2017-04-24,51.17307066993464,NA
2017-04-25,45.73357363153595,NA
2017-04-26,51.198889501633985,NA
2017-04-27,48.40291498161765,NA
2017-04-28,47.57408711192811,NA
2017-04-29,40.593973549836605,NA
2017-04-30,28.55773406862745,NA
2017-05-01,25.06399897875817,NA
2017-05-02,40.96172926879085,NA
2017-05-03,42.949841503267976,NA
2017-05-04,46.40919219771242,NA
2017-05-05,46.00674111519608,NA
2017-05-06,40.7657547998366,NA
2017-05-07,36.755859375,NA
2017-05-08,43.60534650735294,NA
2017-05-09,50.08821578839869,NA
2017-05-10,50.17284926470588,NA
2017-05-11,45.20377624591503,NA
2017-05-12,44.03565134803922,NA
2017-05-13,44.55581658496732,NA
2017-05-14,36.03523396650327,NA
2017-05-15,45.948647620506534,NA
2017-05-16,45.66434415849673,NA
2017-05-17,43.19189981617647,NA
2017-05-18,47.10772028186275,NA
2017-05-19,44.15125954861111,NA
2017-05-20,38.17340379901961,NA
2017-05-21,29.80496119281046,NA
2017-05-22,49.62728559027778,NA
2017-05-23,48.94090303308823,NA
2017-05-24,49.289803053513076,NA
2017-05-25,45.651367238562095,NA
2017-05-26,50.56375771037582,NA
2017-05-27,40.12087796160131,NA
2017-05-28,32.280969260620914,NA
2017-05-29,46.98803334354575,NA
2017-05-30,50.377759293300656,NA
2017-05-31,48.570744893790845,NA
2017-06-01,49.329076695261435,NA
2017-06-02,44.91880800653595,NA
2017-06-03,42.455704758986926,NA
2017-06-04,33.331858915441174,NA
2017-06-05,45.19537898284314,NA
2017-06-06,46.06419883578431,NA
2017-06-07,42.71011100898693,NA
2017-06-08,44.51147845179738,NA
2017-06-09,45.16749009395425,NA
2017-06-10,42.347452205882355,NA
2017-06-11,35.40081821895425,NA
2017-06-12,43.44977890114379,NA
2017-06-13,44.5436508374183,NA
2017-06-14,49.875997446895425,NA
2017-06-15,49.368172436683004,NA
2017-06-16,45.049536458333336,NA
2017-06-17,39.41084885620915,NA
2017-06-18,37.13198708129085,NA
2017-06-19,46.05414465890523,NA
2017-06-20,48.73391605392157,NA
2017-06-21,53.74591559436274,NA
2017-06-22,53.39865471813725,NA
2017-06-23,48.20598029003268,NA
2017-06-24,40.83351154003268,NA
2017-06-25,34.10326848447713,NA
2017-06-26,47.99633946078431,NA
2017-06-27,53.33277415236928,NA
2017-06-28,50.06610988562092,NA
2017-06-29,48.21489797794118,NA
2017-06-30,48.40541033496732,NA
2017-07-01,41.472742034313725,NA
2017-07-02,36.888976715686276,NA
2017-07-03,46.0103058619281,NA
2017-07-04,47.14598243464052,NA
2017-07-05,51.14370991625817,NA
2017-07-06,52.346611008986926,NA
2017-07-07,55.14142800245098,NA
2017-07-08,47.10359415849673,NA
2017-07-09,47.70322344771242,NA
2017-07-10,59.514665339052286,NA
2017-07-11,55.12324428104575,NA
2017-07-12,56.54228717320262,NA
2017-07-13,52.46969076797386,NA
2017-07-14,52.813467933006535,NA
2017-07-15,44.67536836192811,NA
2017-07-16,38.28053431372549,NA
2017-07-17,46.31101368464052,NA
2017-07-18,51.209590175653595,NA
2017-07-19,52.94647829861111,NA
2017-07-20,54.49183823529412,NA
2017-07-21,54.27228645833333,NA
2017-07-22,46.624426981209155,NA
2017-07-23,44.021501838235295,NA
2017-07-24,53.6706785130719,NA
2017-07-25,47.19014430147059,NA
2017-07-26,52.202849366830065,NA
2017-07-27,53.056610191993464,NA
2017-07-28,47.733599571078436,NA
2017-07-29,42.28609589460785,NA
2017-07-30,40.16793412990196,NA
2017-07-31,55.85131444035948,NA
2017-08-01,58.4271604370915,NA
2017-08-02,61.13419209558823,NA
2017-08-03,66.25471823937909,NA
2017-08-04,64.49261917892157,NA
2017-08-05,48.89314246323529,NA
2017-08-06,38.7848804125817,NA
2017-08-07,56.36152951388889,NA
2017-08-08,48.265486315359475,NA
2017-08-09,58.88149417892157,NA
2017-08-10,54.639683312908495,NA
2017-08-11,54.65489910130719,NA
2017-08-12,41.87505678104575,NA
2017-08-13,35.393399305555555,NA
2017-08-14,41.80686437908497,NA
2017-08-15,37.56525622957516,NA
2017-08-16,51.50590640318627,NA
2017-08-17,51.22501766748366,NA
2017-08-18,53.617709456699345,NA
2017-08-19,39.10801235702614,NA
2017-08-20,30.004737949346406,NA
2017-08-21,48.10809579248366,NA
2017-08-22,51.841758272058826,NA
2017-08-23,57.769592218137255,NA
2017-08-24,56.14792177287582,NA
2017-08-25,62.05598396650327,NA
2017-08-26,48.036628931781046,NA
2017-08-27,42.01588786764706,NA
2017-08-28,59.10071910743464,NA
2017-08-29,51.720222120098036,NA
2017-08-30,54.557998519199344,NA
2017-08-31,56.18504483251634,NA
2017-09-01,50.25859604779412,NA
2017-09-02,43.788214256535944,NA
2017-09-03,39.88223039215686,NA
2017-09-04,48.05402568423203,NA
2017-09-05,54.885842218137256,NA
2017-09-06,51.8444891748366,NA
2017-09-07,50.94969143178105,NA
2017-09-08,48.85185835375817,NA
2017-09-09,44.18927083333333,NA
2017-09-10,37.94837336601307,NA
2017-09-11,43.22876909722222,NA
2017-09-12,44.91578257761438,NA
2017-09-13,45.160822099673204,NA
2017-09-14,46.53254830473856,NA
2017-09-15,49.80989399509804,NA
2017-09-16,52.29333670343137,NA
2017-09-17,45.665435355392155,NA
2017-09-18,63.43215410539216,NA
2017-09-19,59.3372488255719,NA
2017-09-20,57.84133823529412,NA
2017-09-21,57.47268882761438,NA
2017-09-22,55.56015364583333,NA
2017-09-23,53.126951644199345,NA
2017-09-24,50.427125306372545,NA
2017-09-25,58.434384395424836,NA
2017-09-26,55.76866932189542,NA
2017-09-27,56.06267718545752,NA
2017-09-28,57.23776154003268,NA
2017-09-29,55.55052890114379,NA
2017-09-30,50.607006331699345,NA
2017-10-01,45.47925,NA
2017-10-02,53.64919495506536,NA
2017-10-03,55.70384946895425,NA
2017-10-04,57.79804044117647,NA
2017-10-05,55.93411376633987,NA
2017-10-06,57.99627961601308,NA
2017-10-07,43.596532679738566,NA
2017-10-08,46.063625510620916,NA
2017-10-09,67.16930478962418,NA
2017-10-10,69.080805249183,NA
2017-10-11,68.22470761846405,NA
2017-10-12,59.76118178104575,NA
2017-10-13,58.709613000408496,NA
2017-10-14,46.66792738970588,NA
2017-10-15,37.50516299019608,NA
2017-10-16,51.91978324142157,NA
2017-10-17,53.31297048611111,NA
2017-10-18,62.15677985294118,NA
2017-10-19,60.84780225490196,NA
2017-10-20,56.93179955882353,NA
2017-10-21,57.74106024509804,NA
2017-10-22,41.51006651960785,NA
2017-10-23,54.845147205882355,NA
2017-10-24,49.918113921568626,NA
2017-10-25,53.69089789215686,NA
2017-10-26,58.90867779411765,NA
2017-10-27,57.12364730392157,NA
2017-10-28,33.07940245098039,NA
2017-10-29,22.721782352941176,NA
2017-10-30,44.44937259803922,NA
2017-10-31,52.064304656862745,NA
2017-11-01,43.670759558823534,NA
2017-11-02,55.26415279411765,NA
2017-11-03,67.66185,NA
2017-11-04,49.87876083333333,NA
2017-11-05,45.56926887254902,NA
2017-11-06,64.43348504901961,NA
2017-11-07,64.158575,NA
2017-11-08,68.18201274509804,NA
2017-11-09,71.15093431372549,NA
2017-11-10,62.188314215686276,NA
2017-11-11,47.40238441176471,NA
2017-11-12,44.124943480392155,NA
2017-11-13,59.23776799019608,NA
2017-11-14,56.81048651960784,NA
2017-11-15,67.79552480392157,NA
2017-11-16,61.74581882352941,NA
2017-11-17,59.551700784313724,NA
2017-11-18,46.695014313725494,NA
2017-11-19,40.361901470588236,NA
2017-11-20,59.34140382352941,NA
2017-11-21,67.39680607843137,NA
2017-11-22,63.5014518627451,NA
2017-11-23,60.831977058823526,NA
2017-11-24,67.3037518627451,NA
2017-11-25,51.17439161764706,NA
2017-11-26,41.58620098039216,NA
2017-11-27,55.20360519607843,NA
2017-11-28,63.12564730392157,NA
2017-11-29,76.73744950980392,NA
2017-11-30,61.754178431372544,NA
2017-12-01,68.30178053921568,NA
2017-12-02,51.28069892156863,NA
2017-12-03,45.53001166666667,NA
2017-12-04,58.82252485294118,NA
2017-12-05,63.98442794117647,NA
2017-12-06,54.04486611111111,NA
2017-12-07,57.17400722222222,NA
2017-12-08,54.185029722222225,NA
2017-12-09,43.42882,NA
2017-12-10,36.474871944444445,NA
2017-12-11,53.27540361111111,NA
2017-12-12,52.23104888888889,NA
2017-12-13,55.5311575,NA
2017-12-14,48.88266888888889,NA
2017-12-15,53.82803666666667,NA
2017-12-16,44.57848388888889,NA
2017-12-17,42.51566583333333,NA
2017-12-18,61.03001666666667,NA
2017-12-19,69.24031111111111,NA
2017-12-20,65.58070527777778,NA
2017-12-21,55.39617638888889,NA
2017-12-22,48.69770694444445,NA
2017-12-23,35.3087475,NA
2017-12-24,25.457102222222222,NA
2017-12-25,31.60150777777778,NA
2017-12-26,25.20207111111111,NA
2017-12-27,39.602001666666666,NA
2017-12-28,41.03962888888889,NA
2017-12-29,35.12555138888889,NA
2017-12-30,28.675872685185187,NA
2017-12-31,20.41670138888889,NA
2018-01-01,14.468345555555556,NA
2018-01-02,36.657537777777776,NA
2018-01-03,35.94482472222222,NA
2018-01-04,43.70129194444444,NA
2018-01-05,42.706002222222224,NA
2018-01-06,41.86974472222222,NA
2018-01-07,34.275443333333335,NA
2018-01-08,44.184151666666665,NA
2018-01-09,44.171910555555556,NA
2018-01-10,50.50056166666667,NA
2018-01-11,54.474895833333335,NA
2018-01-12,50.25329611111111,NA
2018-01-13,40.22787666666667,NA
2018-01-14,37.89635416666667,NA
2018-01-15,45.15598833333333,NA
2018-01-16,44.216249166666664,NA
2018-01-17,45.481857222222224,NA
2018-01-18,45.124765277777776,NA
2018-01-19,52.42688416666667,NA
2018-01-20,45.70165611111111,NA
2018-01-21,41.04297916666667,NA
2018-01-22,49.524770277777776,NA
2018-01-23,53.679815833333336,NA
2018-01-24,45.61298361111111,NA
2018-01-25,48.31558694444444,NA
2018-01-26,54.42909611111111,NA
2018-01-27,44.6953475,NA
2018-01-28,34.778575000000004,NA
2018-01-29,43.47509888888889,NA
2018-01-30,46.300400277777776,NA
2018-01-31,47.586195277777776,NA
2018-02-01,43.97644805555556,NA
2018-02-02,48.686012222222224,NA
2018-02-03,45.05588138888889,NA
2018-02-04,40.49489888888889,NA
2018-02-05,57.07621833333334,NA
2018-02-06,56.50454472222222,NA
2018-02-07,54.19242916666666,NA
2018-02-08,55.48614222222222,NA
2018-02-09,50.04749277777778,NA
2018-02-10,44.49118861111111,NA
2018-02-11,28.138683888888888,NA
2018-02-12,46.25284194444444,NA
2018-02-13,48.36022861111111,NA
2018-02-14,47.501690833333335,NA
2018-02-15,44.90461277777778,NA
2018-02-16,50.11293472222222,NA
2018-02-17,49.479529722222225,NA
2018-02-18,45.37352083333333,NA
2018-02-19,57.77467138888889,NA
2018-02-20,58.54131888888889,NA
2018-02-21,58.44526388888889,NA
2018-02-22,57.75420444444445,NA
2018-02-23,60.53422166666667,NA
2018-02-24,47.85682722222222,NA
2018-02-25,44.525619444444445,NA
2018-02-26,58.507307499999996,NA
2018-02-27,65.37299805555556,NA
2018-02-28,63.60051833333333,NA
2018-03-01,81.99216833333334,NA
2018-03-02,72.7150975,NA
2018-03-03,49.77139611111111,NA
2018-03-04,45.061950555555555,NA
2018-03-05,60.46023888888889,NA
2018-03-06,57.39523138888889,NA
2018-03-07,51.55847138888889,NA
2018-03-08,48.292475833333334,NA
2018-03-09,47.62681111111111,NA
2018-03-10,41.04122527777778,NA
2018-03-11,33.00219583333333,NA
2018-03-12,45.69255972222222,NA
2018-03-13,48.10308694444444,NA
2018-03-14,50.48967388888889,NA
2018-03-15,41.40461944444444,NA
2018-03-16,42.03169027777778,NA
2018-03-17,31.724204444444446,NA
2018-03-18,26.899742222222223,NA
2018-03-19,53.16128972222222,NA
2018-03-20,48.63281583333333,NA
2018-03-21,54.651540555555556,NA
2018-03-22,51.617672222222225,NA
2018-03-23,54.57597666666667,NA
2018-03-24,47.27352,NA
2018-03-25,43.183099444444444,NA
2018-03-26,59.11264861111111,NA
2018-03-27,54.50966388888889,NA
2018-03-28,50.73240388888889,NA
2018-03-29,45.845056944444444,NA
2018-03-30,36.93154833333333,NA
2018-03-31,33.007915277777776,NA
2018-04-01,29.751899722222223,NA
2018-04-02,36.48640888888889,NA
2018-04-03,47.439051666666664,NA
2018-04-04,45.94905444444444,NA
2018-04-05,45.26991388888889,NA
2018-04-06,43.876173333333334,NA
2018-04-07,30.738668333333333,NA
2018-04-08,30.63433,NA
2018-04-09,45.59072944444444,NA
2018-04-10,47.95263777777778,NA
2018-04-11,44.77212,NA
2018-04-12,43.86036444444444,NA
2018-04-13,48.73050166666667,NA
2018-04-14,43.36185166666667,NA
2018-04-15,38.32613333333333,NA
2018-04-16,51.19438944444445,NA
2018-04-17,52.07769777777778,NA
2018-04-18,49.50557388888889,NA
2018-04-19,44.51103583333333,NA
2018-04-20,41.239107777777775,NA
2018-04-21,37.842103888888886,NA
2018-04-22,32.21163555555555,NA
2018-04-23,45.24172194444444,NA
2018-04-24,45.01614027777778,NA
2018-04-25,42.32703,NA
2018-04-26,45.20934972222222,NA
2018-04-27,47.625456944444444,NA
2018-04-28,40.96805111111111,NA
2018-04-29,30.253305555555556,NA
2018-04-30,30.875905,NA
2018-05-01,21.31688,NA
2018-05-02,48.70060388888889,NA
2018-05-03,53.06371194444444,NA
2018-05-04,50.61865111111111,NA
2018-05-05,41.98184138888889,NA
2018-05-06,29.968439444444446,NA
2018-05-07,43.07987833333333,NA
2018-05-08,45.252625277777774,NA
2018-05-09,44.20976916666667,NA
2018-05-10,38.04459166666667,NA
2018-05-11,49.56241277777777,NA
2018-05-12,42.937469444444446,NA
2018-05-13,30.610235,NA
2018-05-14,49.45861305555556,NA
2018-05-15,54.77835638888889,NA
2018-05-16,61.303964444444446,NA
2018-05-17,53.47849166666667,NA
2018-05-18,53.12820222222222,NA
2018-05-19,49.33734305555556,NA
2018-05-20,35.96029611111111,NA
2018-05-21,47.85425083333333,NA
2018-05-22,63.54207944444445,NA
2018-05-23,62.15282916666667,NA
2018-05-24,59.67028722222222,NA
2018-05-25,59.05412416666667,NA
2018-05-26,49.76571388888889,NA
2018-05-27,45.274972222222225,NA
2018-05-28,57.189302222222224,NA
2018-05-29,58.060609444444445,NA
2018-05-30,63.46637805555556,NA
2018-05-31,60.39668722222222,NA
2018-06-01,62.977758888888886,NA
2018-06-02,54.96856694444445,NA
2018-06-03,48.37316277777778,NA
2018-06-04,62.075878333333335,NA
2018-06-05,62.647011666666664,NA
2018-06-06,63.50883888888889,NA
2018-06-07,61.47999111111111,NA
2018-06-08,62.96118277777778,NA
2018-06-09,55.37478027777778,NA
2018-06-10,52.142650555555555,NA
2018-06-11,63.88333111111111,NA
2018-06-12,62.901676944444446,NA
2018-06-13,64.95840805555555,NA
2018-06-14,62.754185,NA
2018-06-15,61.606479444444446,NA
2018-06-16,54.147033888888885,NA
2018-06-17,45.479908888888886,NA
2018-06-18,63.123751666666664,NA
2018-06-19,57.79036694444444,NA
2018-06-20,58.41132416666667,NA
2018-06-21,57.10498333333334,NA
2018-06-22,50.48500583333333,NA
2018-06-23,42.43362222222222,NA
2018-06-24,46.00042722222222,NA
2018-06-25,60.127453611111115,NA
2018-06-26,57.94143833333333,NA
2018-06-27,59.32181972222222,NA
2018-06-28,59.252451666666666,NA
2018-06-29,58.18836388888889,NA
2018-06-30,48.816782777777775,NA
2018-07-01,41.842910277777776,NA
2018-07-02,57.5998325,NA
2018-07-03,61.323454444444444,NA
2018-07-04,62.10004611111111,NA
2018-07-05,60.90737861111111,NA
2018-07-06,57.042703333333336,NA
2018-07-07,51.462072222222226,NA
2018-07-08,49.14390083333333,NA
2018-07-09,56.781682777777775,NA
2018-07-10,59.41424111111111,NA
2018-07-11,60.52755888888889,NA
2018-07-12,60.987434444444446,NA
2018-07-13,60.762210555555555,NA
2018-07-14,56.57521083333334,NA
2018-07-15,53.04936194444444,NA
2018-07-16,63.485212777777775,NA
2018-07-17,62.785275,NA
2018-07-18,61.38165361111111,NA
2018-07-19,63.287707222222224,NA
2018-07-20,62.52266222222222,NA
2018-07-21,59.88274805555555,NA
2018-07-22,56.6950375,NA
2018-07-23,63.417075277777776,NA
2018-07-24,63.99108833333333,NA
2018-07-25,65.7612963888889,NA
2018-07-26,64.8180825,NA
2018-07-27,63.590497222222226,NA
2018-07-28,57.68550138888889,NA
2018-07-29,54.278891944444446,NA
2018-07-30,64.470865,NA
2018-07-31,66.93358666666667,NA
2018-08-01,64.84352083333333,NA
2018-08-02,66.57413638888889,NA
2018-08-03,69.00050861111112,NA
2018-08-04,60.75533111111111,NA
2018-08-05,58.00532,NA
2018-08-06,70.3544511111111,NA
2018-08-07,71.15304805555556,NA
2018-08-08,66.98338722222222,NA
2018-08-09,64.30718305555556,NA
2018-08-10,60.640994722222224,NA
2018-08-11,58.378369722222224,NA
2018-08-12,55.70236388888889,NA
2018-08-13,68.18727277777778,NA
2018-08-14,67.55863333333333,NA
2018-08-15,63.12198222222222,NA
2018-08-16,59.605234375,NA
2018-08-17,60.09701186342593,NA
2018-08-18,63.53657722222222,NA
2018-08-19,60.280006388888886,NA
2018-08-20,69.99202166666667,NA
2018-08-21,75.52430638888889,NA
2018-08-22,76.42017361111111,NA
2018-08-23,72.26223944444445,NA
2018-08-24,69.11153333333333,NA
2018-08-25,66.74463027777777,NA
2018-08-26,60.35962333333333,NA
2018-08-27,66.32396388888888,NA
2018-08-28,75.68477444444444,NA
2018-08-29,72.33751638888889,NA
2018-08-30,74.52298861111112,NA
2018-08-31,77.88592666666666,NA
2018-09-01,70.35066611111111,NA
2018-09-02,63.71319638888889,NA
2018-09-03,74.15848361111111,NA
2018-09-04,77.03729305555555,NA
2018-09-05,79.37251388888889,NA
2018-09-06,75.84588972222222,NA
2018-09-07,73.8880913888889,NA
2018-09-08,67.59438777777778,NA
2018-09-09,62.2703975,NA
2018-09-10,76.239505,NA
2018-09-11,70.74514722222222,NA
2018-09-12,73.54186472222223,NA
2018-09-13,80.76158222222223,NA
2018-09-14,77.60704111111112,NA
2018-09-15,70.77522027777778,NA
2018-09-16,60.56702055555555,NA
2018-09-17,84.968765,NA
2018-09-18,81.7132075,NA
2018-09-19,81.50772194444444,NA
2018-09-20,77.64801055555556,NA
2018-09-21,73.23446527777777,NA
2018-09-22,57.90372194444444,NA
2018-09-23,61.789245,NA
2018-09-24,64.3676886111111,NA
2018-09-25,76.13052333333333,NA
2018-09-26,64.64078944444444,NA
2018-09-27,73.32891305555556,NA
2018-09-28,76.0763275,NA
2018-09-29,66.53302277777777,NA
2018-09-30,60.04870277777778,NA
2018-10-01,80.46330333333333,NA
2018-10-02,74.253055,NA
2018-10-03,74.52796305555556,NA
2018-10-04,85.42148194444445,NA
2018-10-05,77.73985,NA
2018-10-06,67.1548475,NA
2018-10-07,63.28905666666667,NA
2018-10-08,77.91152944444444,NA
2018-10-09,79.0881825,NA
2018-10-10,76.3498411111111,NA
2018-10-11,71.89484166666666,NA
2018-10-12,67.4645461111111,NA
2018-10-13,59.03587666666667,NA
2018-10-14,44.69374611111111,NA
2018-10-15,71.83755472222222,NA
2018-10-16,81.99959694444445,NA
2018-10-17,80.58536027777778,NA
2018-10-18,78.2513375,NA
2018-10-19,78.32341527777778,NA
2018-10-20,67.61682055555555,NA
2018-10-21,63.177259722222225,NA
2018-10-22,73.04101666666666,NA
2018-10-23,65.8035525,NA
2018-10-24,63.67471472222222,NA
2018-10-25,67.44218611111111,NA
2018-10-26,74.74163472222223,NA
2018-10-27,62.989225833333336,NA
2018-10-28,53.65831333333333,NA
2018-10-29,65.89834111111111,NA
2018-10-30,60.83014166666667,NA
2018-10-31,69.517525,NA
2018-11-01,59.30157833333333,NA
2018-11-02,64.21500166666667,NA
2018-11-03,64.0738325,NA
2018-11-04,57.03706944444445,NA
2018-11-05,67.70935972222222,NA
2018-11-06,67.03302027777778,NA
2018-11-07,66.23877055555556,NA
2018-11-08,72.4083561111111,NA
2018-11-09,68.29306111111111,NA
2018-11-10,59.417048055555554,NA
2018-11-11,55.041650000000004,NA
2018-11-12,66.07886944444445,NA
2018-11-13,67.9562,NA
2018-11-14,72.7232875,NA
2018-11-15,72.22414277777777,NA
2018-11-16,68.39871861111111,NA
2018-11-17,67.04614472222222,NA
2018-11-18,65.41191555555555,NA
2018-11-19,68.80307972222222,NA
2018-11-20,77.48618916666666,NA
2018-11-21,78.54232416666666,NA
2018-11-22,92.79499916666667,NA
2018-11-23,88.66458,NA
2018-11-24,72.6785475,NA
2018-11-25,65.37912583333333,NA
2018-11-26,83.83245472222222,NA
2018-11-27,86.99066972222222,NA
2018-11-28,66.80303833333333,NA
2018-11-29,66.36227027777778,NA
2018-11-30,66.28740472222222,NA
2018-12-01,72.26383361111111,NA
2018-12-02,61.07544055555555,NA
2018-12-03,78.62544694444445,NA
2018-12-04,79.58007611111111,NA
2018-12-05,72.57323638888889,NA
2018-12-06,74.59647722222222,NA
2018-12-07,72.63867805555556,NA
2018-12-08,54.93485527777778,NA
2018-12-09,52.53780166666667,NA
2018-12-10,68.43935499999999,NA
2018-12-11,71.5971275,NA
2018-12-12,82.00345972222222,NA
2018-12-13,78.88535666666667,NA
2018-12-14,84.60308944444445,NA
2018-12-15,66.82218888888889,NA
2018-12-16,62.68624111111111,NA
2018-12-17,83.25107361111111,NA
2018-12-18,77.50290027777778,NA
2018-12-19,76.06497916666666,NA
2018-12-20,79.31560361111111,NA
2018-12-21,72.46215416666666,NA
2018-12-22,62.77307138888889,NA
2018-12-23,60.286541666666665,NA
2018-12-24,56.98184055555556,NA
2018-12-25,43.976185,NA
2018-12-26,57.74183055555555,NA
2018-12-27,68.05174277777778,NA
2018-12-28,69.20795722222222,NA
2018-12-29,61.02919166666666,NA
2018-12-30,61.03608055555556,NA
2018-12-31,62.811815,NA
2019-01-01,39.552137037037035,NA
2019-01-02,59.04494259259259,NA
2019-01-03,76.48343555555556,NA
2019-01-04,74.3128600925926,NA
2019-01-05,68.10111527777778,NA
2019-01-06,65.35191722222223,NA
2019-01-07,76.41855611111112,NA
2019-01-08,75.29778555555556,NA
2019-01-09,74.92521444444445,NA
2019-01-10,85.85143259259259,NA
2019-01-11,75.58507592592592,NA
2019-01-12,67.65307592592593,NA
2019-01-13,60.536345555555556,NA
2019-01-14,73.18757259259259,NA
2019-01-15,77.60366018518519,NA
2019-01-16,77.82611333333334,NA
2019-01-17,82.7969524074074,NA
2019-01-18,82.21205620370371,NA
2019-01-19,76.5732337037037,NA
2019-01-20,69.96676962962962,NA
2019-01-21,87.14339666666666,NA
2019-01-22,86.16479166666667,NA
2019-01-23,88.97876759259259,NA
2019-01-24,95.20524861111112,NA
2019-01-25,80.77475083333333,NA
2019-01-26,69.19536981481481,NA
2019-01-27,60.971849444444445,NA
2019-01-28,67.85892583333333,NA
2019-01-29,74.27731148148148,NA
2019-01-30,73.4610337037037,NA
2019-01-31,72.27059962962963,NA
2019-02-01,69.01553629629629,NA
2019-02-02,58.07002555555555,NA
2019-02-03,55.73429629629629,NA
2019-02-04,65.26375944444445,NA
2019-02-05,64.62036037037036,NA
2019-02-06,62.48867388888889,NA
2019-02-07,60.62963796296296,NA
2019-02-08,60.090105,NA
2019-02-09,50.03362796296296,NA
2019-02-10,44.96933722222222,NA
2019-02-11,55.68938388888889,NA
2019-02-12,59.40044129629629,NA
2019-02-13,59.67205194444444,NA
2019-02-14,60.06859305555555,NA
2019-02-15,57.57232388888889,NA
2019-02-16,53.40291388888889,NA
2019-02-17,50.745100648148146,NA
2019-02-18,59.28552259259259,NA
2019-02-19,55.84813166666667,NA
2019-02-20,57.924176296296295,NA
2019-02-21,58.58899731481482,NA
2019-02-22,58.76903018518519,NA
2019-02-23,49.69482388888889,NA
2019-02-24,49.749462962962966,NA
2019-02-25,56.85336101851852,NA
2019-02-26,56.18245638888889,NA
2019-02-27,56.02341462962963,NA
2019-02-28,52.70372175925926,NA
2019-03-01,58.73281444444444,NA
2019-03-02,53.043570555555554,NA
2019-03-03,39.88270148148148,NA
2019-03-04,44.977071296296295,NA
2019-03-05,53.48012,NA
2019-03-06,54.10663888888889,NA
2019-03-07,47.90376166666667,NA
2019-03-08,49.69121462962963,NA
2019-03-09,40.59768814814815,NA
2019-03-10,35.22886925925926,NA
2019-03-11,49.48626685185185,NA
2019-03-12,48.36474888888889,NA
2019-03-13,45.38649240740741,NA
2019-03-14,48.72395851851852,NA
2019-03-15,46.08727555555556,NA
2019-03-16,39.50757611111111,NA
2019-03-17,28.459954444444445,NA
2019-03-18,46.60984148148148,NA
2019-03-19,55.19348907407407,NA
2019-03-20,50.76880351851852,NA
2019-03-21,49.16039722222222,NA
2019-03-22,49.79392796296296,NA
2019-03-23,43.382463703703706,NA
2019-03-24,41.19010648148148,NA
2019-03-25,49.28192444444444,NA
2019-03-26,50.22198935185185,NA
2019-03-27,50.61458759259259,NA
2019-03-28,52.30919185185185,NA
2019-03-29,49.74823925925926,NA
2019-03-30,44.97261703703703,NA
2019-03-31,39.530052222222224,NA
2019-04-01,55.26738703703704,NA
2019-04-02,52.57232712962963,NA
2019-04-03,54.429475555555555,NA
2019-04-04,54.99254203703704,NA
2019-04-05,53.603155925925925,NA
2019-04-06,50.21233,NA
2019-04-07,48.09218574074074,NA
2019-04-08,60.306393148148146,NA
2019-04-09,60.08656768518519,NA
2019-04-10,60.20219046296296,NA
2019-04-11,62.33940537037037,NA
2019-04-12,62.5180575,NA
2019-04-13,54.442625925925924,NA
2019-04-14,47.21988648148148,NA
2019-04-15,54.87373574074074,NA
2019-04-16,58.054025092592596,NA
2019-04-17,58.581953703703704,NA
2019-04-18,57.36717685185185,NA
2019-04-19,50.42087407407407,NA
2019-04-20,45.84944407407407,NA
2019-04-21,41.71953277777778,NA
2019-04-22,29.210084259259258,NA
2019-04-23,48.6159112962963,NA
2019-04-24,49.007357222222225,NA
2019-04-25,50.809949814814814,NA
2019-04-26,52.840975462962966,NA
2019-04-27,41.90536703703704,NA
2019-04-28,38.89542296296296,NA
2019-04-29,52.607680555555554,NA
2019-04-30,53.193541296296296,NA
2019-05-01,31.07867185185185,NA
2019-05-02,49.90253925925926,NA
2019-05-03,53.63404944444444,NA
2019-05-04,48.93378962962963,NA
2019-05-05,38.96027481481482,NA
2019-05-06,55.965,NA
2019-05-07,59.56037222222222,NA
2019-05-08,56.978267037037035,NA
2019-05-09,59.656115185185186,NA
2019-05-10,58.41572111111111,NA
2019-05-11,48.05677,NA
2019-05-12,31.187701851851852,NA
2019-05-13,55.57354101851852,NA
2019-05-14,55.84922268518518,NA
2019-05-15,54.78380824074074,NA
2019-05-16,55.27388138888889,NA
2019-05-17,54.66394527777778,NA
2019-05-18,46.73064333333333,NA
2019-05-19,44.68904907407408,NA
2019-05-20,57.636662962962966,NA
2019-05-21,57.33215333333333,NA
2019-05-22,56.19209305555555,NA
2019-05-23,54.55714824074074,NA
2019-05-24,53.490434907407405,NA
2019-05-25,44.974242592592596,NA
2019-05-26,34.336925925925925,NA
2019-05-27,49.5380825,NA
2019-05-28,49.81682981481482,NA
2019-05-29,51.57236240740741,NA
2019-05-30,42.1487237037037,NA
2019-05-31,48.5027662962963,NA
2019-06-01,39.78825888888889,NA
2019-06-02,32.91557398148148,NA
2019-06-03,50.484378148148146,NA
2019-06-04,48.30108833333333,NA
2019-06-05,49.528585648148145,NA
2019-06-06,47.85911222222222,NA
2019-06-07,52.296420833333336,NA
2019-06-08,25.050905740740742,NA
2019-06-09,31.675382777777777,NA
2019-06-10,40.18473453703704,NA
2019-06-11,51.481234907407405,NA
2019-06-12,52.51692787037037,NA
2019-06-13,52.97335231481482,NA
2019-06-14,52.15283620370371,NA
2019-06-15,42.873460370370374,NA
2019-06-16,38.85701888888889,NA
2019-06-17,48.9335137037037,NA
2019-06-18,55.26673675925926,NA
2019-06-19,56.68717018518519,NA
2019-06-20,52.486727314814814,NA
2019-06-21,53.48411712962963,NA
2019-06-22,42.382326666666664,NA
2019-06-23,36.698449537037035,NA
2019-06-24,51.205253703703704,NA
2019-06-25,54.480040555555554,NA
2019-06-26,54.73690574074074,NA
2019-06-27,55.008357592592596,NA
2019-06-28,55.778251203703704,NA
2019-06-29,43.421609537037035,NA
2019-06-30,35.05866777777778,NA
2019-07-01,56.16049481481481,NA
2019-07-02,57.05397407407408,NA
2019-07-03,59.67951222222222,NA
2019-07-04,58.948454444444444,NA
2019-07-05,55.207085185185186,NA
2019-07-06,49.547576666666664,NA
2019-07-07,39.93266185185185,NA
2019-07-08,54.216926666666666,NA
2019-07-09,56.422522962962965,NA
2019-07-10,56.54220731481482,NA
2019-07-11,58.34922462962963,NA
2019-07-12,59.605020277777776,NA
2019-07-13,50.78405333333334,NA
2019-07-14,47.06667222222222,NA
2019-07-15,59.080750277777774,NA
2019-07-16,58.795436574074074,NA
2019-07-17,59.39012916666667,NA
2019-07-18,61.94521453703703,NA
2019-07-19,61.018611203703706,NA
2019-07-20,51.44565111111111,NA
2019-07-21,47.73318361111111,NA
2019-07-22,59.52527537037037,NA
2019-07-23,63.755323796296295,NA
2019-07-24,66.38228398148148,NA
2019-07-25,66.77619629629629,NA
2019-07-26,65.40904453703703,NA
2019-07-27,54.69451759259259,NA
2019-07-28,47.39376296296296,NA
2019-07-29,62.97112935185185,NA
2019-07-30,59.04002314814815,NA
2019-07-31,63.20911731481481,NA
2019-08-01,66.93988675925925,NA
2019-08-02,65.15498870370371,NA
2019-08-03,52.04775518518519,NA
2019-08-04,48.365612407407404,NA
2019-08-05,62.032539444444446,NA
2019-08-06,60.92973740740741,NA
2019-08-07,59.035528703703704,NA
2019-08-08,55.301290370370374,NA
2019-08-09,58.56570574074074,NA
2019-08-10,46.979168333333334,NA
2019-08-11,40.93808685185185,NA
2019-08-12,60.61926370370371,NA
2019-08-13,61.13719148148148,NA
2019-08-14,56.964026851851855,NA
2019-08-15,45.99400361111111,NA
2019-08-16,52.393711574074075,NA
2019-08-17,45.99433111111111,NA
2019-08-18,43.746440185185186,NA
2019-08-19,54.238997499999996,NA
2019-08-20,57.13394509259259,NA
2019-08-21,59.34042425925926,NA
2019-08-22,54.91028055555556,NA
2019-08-23,56.16677638888889,NA
2019-08-24,50.56203638888889,NA
2019-08-25,44.77432981481481,NA
2019-08-26,65.20392972222223,NA
2019-08-27,73.0702648148148,NA
2019-08-28,75.16410240740741,NA
2019-08-29,75.37543527777778,NA
2019-08-30,69.1749062037037,NA
2019-08-31,53.59524018518518,NA
2019-09-01,51.28122462962963,NA
2019-09-02,76.50178537037037,NA
2019-09-03,60.44552268518519,NA
2019-09-04,53.62157009259259,NA
2019-09-05,58.479000925925924,NA
2019-09-06,55.697930925925924,NA
2019-09-07,50.71190546296296,NA
2019-09-08,47.51170055555556,NA
2019-09-09,64.32532601851852,NA
2019-09-10,60.04690296296296,NA
2019-09-11,57.66558944444444,NA
2019-09-12,58.77210824074074,NA
2019-09-13,58.108548703703704,NA
2019-09-14,53.73329648148148,NA
2019-09-15,44.17901277777778,NA
2019-09-16,65.69224546296296,NA
2019-09-17,63.54576712962963,NA
2019-09-18,64.43127324074074,NA
2019-09-19,77.39836407407408,NA
2019-09-20,63.43039842592592,NA
2019-09-21,55.70975777777778,NA
2019-09-22,49.783798518518516,NA
2019-09-23,68.32637268518519,NA
2019-09-24,72.19589907407408,NA
2019-09-25,70.93121305555556,NA
2019-09-26,72.57384777777777,NA
2019-09-27,66.95134861111111,NA
2019-09-28,56.861049074074074,NA
2019-09-29,48.09221481481482,NA
2019-09-30,61.16131175925926,NA
2019-10-01,66.83311694444444,NA
2019-10-02,64.17692842592592,NA
2019-10-03,64.17358814814814,NA
2019-10-04,65.590645,NA
2019-10-05,54.96993888888889,NA
2019-10-06,49.51571527777778,NA
2019-10-07,64.82327564814815,NA
2019-10-08,62.71804157407407,NA
2019-10-09,58.45257111111111,NA
2019-10-10,62.17237703703704,NA
2019-10-11,54.94303870370371,NA
2019-10-12,46.186344166666665,NA
2019-10-13,42.10190351851852,NA
2019-10-14,61.456447592592596,NA
2019-10-15,62.21769481481481,NA
2019-10-16,60.98235944444444,NA
2019-10-17,63.27939009259259,NA
2019-10-18,60.300023333333336,NA
2019-10-19,53.215753425925925,NA
2019-10-20,47.16830564814815,NA
2019-10-21,61.46626972222222,NA
2019-10-22,58.10599398148148,NA
2019-10-23,56.62857898148148,NA
2019-10-24,57.223977222222224,NA
2019-10-25,55.1209187037037,NA
2019-10-26,44.503841296296294,NA
2019-10-27,42.70331342592593,NA
2019-10-28,63.28494324074074,NA
2019-10-29,62.657292407407404,NA
2019-10-30,60.859625092592594,NA
2019-10-31,56.680701203703705,NA
2019-11-01,52.17852740740741,NA
2019-11-02,41.427319814814815,NA
2019-11-03,36.105171666666664,NA
2019-11-04,46.93625898148149,NA
2019-11-05,51.855716944444445,NA
2019-11-06,60.708861481481485,NA
2019-11-07,54.58862555555556,NA
2019-11-08,56.9250612037037,NA
2019-11-09,49.46939453703704,NA
2019-11-10,47.59154953703704,NA
2019-11-11,54.599450555555556,NA
2019-11-12,54.834518611111115,NA
2019-11-13,58.631543703703706,NA
2019-11-14,57.43412185185185,NA
2019-11-15,53.16822907407408,NA
2019-11-16,48.63595185185185,NA
2019-11-17,45.76473925925926,NA
2019-11-18,56.9570737962963,NA
2019-11-19,58.31802018518518,NA
2019-11-20,62.96587453703704,NA
2019-11-21,55.63210657407407,NA
2019-11-22,51.28657398148148,NA
2019-11-23,42.29764351851852,NA
2019-11-24,45.09248351851852,NA
2019-11-25,58.342030370370374,NA
2019-11-26,57.9340025,NA
2019-11-27,53.61212925925926,NA
2019-11-28,50.804214074074075,NA
2019-11-29,52.48319398148148,NA
2019-11-30,49.55308462962963,NA
2019-12-01,49.51265018518519,NA
2019-12-02,57.247165555555554,NA
2019-12-03,67.26318388888889,NA
2019-12-04,61.560288425925926,NA
2019-12-05,58.782040925925926,NA
2019-12-06,53.33147407407407,NA
2019-12-07,53.23951981481481,NA
2019-12-08,42.60539925925926,NA
2019-12-09,49.94853277777778,NA
2019-12-10,56.32105055555555,NA
2019-12-11,53.95080027777777,NA
2019-12-12,57.45883851851852,NA
2019-12-13,51.678657037037034,NA
2019-12-14,42.6360887037037,NA
2019-12-15,38.082664074074074,NA
2019-12-16,55.328831944444445,NA
2019-12-17,52.509769722222224,NA
2019-12-18,51.95399138888889,NA
2019-12-19,46.795064814814815,NA
2019-12-20,40.553585185185185,NA
2019-12-21,35.98044407407407,NA
2019-12-22,31.204511111111113,NA
2019-12-23,36.94309287037037,NA
2019-12-24,33.2040625,NA
2019-12-25,31.380511851851853,NA
2019-12-26,39.12729925925926,NA
2019-12-27,47.61570481481481,NA
2019-12-28,40.91110601851852,NA
2019-12-29,35.40530703703703,NA
2019-12-30,36.95028740740741,NA
2019-12-31,40.61725638888889,NA
2020-01-01,38.53766185185185,NA
2020-01-02,47.160079814814814,NA
2020-01-03,46.597384814814816,NA
2020-01-04,41.15960351851852,NA
2020-01-05,43.413113333333335,NA
2020-01-06,45.05991638888889,NA
2020-01-07,51.186041018518516,NA
2020-01-08,51.76359898148148,NA
2020-01-09,56.99161175925926,NA
2020-01-10,58.030711296296296,NA
2020-01-11,46.41603166666666,NA
2020-01-12,42.38334814814815,NA
2020-01-13,55.640747499999996,NA
2020-01-14,53.13320537037037,NA
2020-01-15,54.4930862962963,NA
2020-01-16,53.68719879629629,NA
2020-01-17,54.69223740740741,NA
2020-01-18,46.171201851851855,NA
2020-01-19,46.830236944444444,NA
2020-01-20,51.740294166666665,NA
2020-01-21,52.685810555555555,NA
2020-01-22,55.8445037037037,NA
2020-01-23,57.81230472222222,NA
2020-01-24,54.90068055555555,NA
2020-01-25,50.420138333333334,NA
2020-01-26,43.89272962962963,NA
2020-01-27,59.612415,NA
2020-01-28,48.35985203703704,NA
2020-01-29,50.07262592592593,NA
2020-01-30,49.70993685185185,NA
2020-01-31,43.546329444444446,NA
2020-02-01,36.04760425925926,NA
2020-02-02,32.14198259259259,NA
2020-02-03,42.43652148148148,NA
2020-02-04,42.59245055555556,NA
2020-02-05,41.65750222222222,NA
2020-02-06,42.96397611111111,NA
2020-02-07,49.27809277777778,NA
2020-02-08,38.32367222222222,NA
2020-02-09,31.63299574074074,NA
2020-02-10,33.303824999999996,NA
2020-02-11,37.95746222222222,NA
2020-02-12,43.455885,NA
2020-02-13,46.47293888888889,NA
2020-02-14,45.6955125,NA
2020-02-15,33.604836666666664,NA
2020-02-16,25.845559444444444,NA
2020-02-17,37.31517962962963,NA
2020-02-18,38.982531296296294,NA
2020-02-19,43.6023887037037,NA
2020-02-20,42.80689148148148,NA
2020-02-21,39.543276481481485,NA
2020-02-22,31.215527777777776,NA
2020-02-23,26.754389074074073,NA
2020-02-24,40.83043962962963,NA
2020-02-25,39.858785000000005,NA
2020-02-26,40.915726944444444,NA
2020-02-27,45.23981333333334,NA
2020-02-28,42.11297027777778,NA
2020-02-29,31.791531296296295,NA
2020-03-01,29.308945555555557,NA
2020-03-02,45.469492592592594,NA
2020-03-03,48.38927972222222,NA
2020-03-04,49.48960472222222,NA
2020-03-05,43.315472222222226,NA
2020-03-06,38.20641361111111,NA
2020-03-07,33.84989564814815,NA
2020-03-08,25.580104074074075,NA
2020-03-09,42.28409972222222,NA
2020-03-10,34.97889925925926,NA
2020-03-11,37.42813888888889,NA
2020-03-12,34.789303518518516,NA
2020-03-13,33.54832703703703,NA
2020-03-14,35.448579537037034,NA
2020-03-15,16.367599259259258,NA
2020-03-16,35.61571824074074,NA
2020-03-17,33.963205555555554,NA
2020-03-18,30.86328462962963,NA
2020-03-19,33.085014074074074,NA
2020-03-20,31.69961324074074,NA
2020-03-21,22.732446759259258,NA
2020-03-22,13.998690462962964,NA
2020-03-23,24.958325648148147,NA
2020-03-24,26.113863796296293,NA
2020-03-25,33.09590685185185,NA
2020-03-26,27.845738333333333,NA
2020-03-27,29.454958148148148,NA
2020-03-28,26.07716388888889,NA
2020-03-29,17.414416666666668,NA
2020-03-30,31.751294259259257,NA
2020-03-31,30.60238824074074,NA
2020-04-01,27.634458333333335,NA
2020-04-02,29.607412592592592,NA
2020-04-03,29.95252222222222,NA
2020-04-04,23.168964814814814,NA
2020-04-05,10.180088333333334,NA
2020-04-06,24.10738759259259,NA
2020-04-07,29.404722777777778,NA
2020-04-08,29.21873611111111,NA
2020-04-09,27.78973861111111,NA
2020-04-10,25.98230601851852,NA
2020-04-11,24.981070833333334,NA
2020-04-12,14.71780537037037,NA
2020-04-13,5.660708333333333,NA
2020-04-14,26.10094601851852,NA
2020-04-15,26.348120555555553,NA
2020-04-16,26.882680740740742,NA
2020-04-17,30.592102314814813,NA
2020-04-18,25.749896574074075,NA
2020-04-19,16.056304814814816,NA
2020-04-20,23.377095185185187,NA
2020-04-21,20.62595712962963,NA
2020-04-22,27.250063333333333,NA
2020-04-23,32.99346111111111,NA
2020-04-24,28.782600462962964,NA
2020-04-25,22.053455462962962,NA
2020-04-26,23.479425648148148,NA
2020-04-27,33.903207592592594,NA
2020-04-28,30.02848638888889,NA
2020-04-29,26.90025935185185,NA
2020-04-30,25.902399444444445,NA
2020-05-01,17.62050675925926,NA
2020-05-02,20.930406018518518,NA
2020-05-03,18.547012685185187,NA
2020-05-04,32.63177916666667,NA
2020-05-05,30.01109314814815,NA
2020-05-06,27.78918574074074,NA
2020-05-07,28.094002222222223,NA
2020-05-08,30.193201851851853,NA
2020-05-09,25.798437777777778,NA
2020-05-10,19.591106481481482,NA
2020-05-11,22.684748888888887,NA
2020-05-12,28.299916111111113,NA
2020-05-13,33.84030907407407,NA
2020-05-14,29.847685555555557,NA
2020-05-15,30.011605185185186,NA
2020-05-16,22.240155555555557,NA
2020-05-17,16.430109074074075,NA
2020-05-18,33.71044111111111,NA
2020-05-19,33.29370981481481,NA
2020-05-20,36.561506944444446,NA
2020-05-21,26.230742962962964,NA
2020-05-22,27.691659814814816,NA
2020-05-23,17.26311925925926,NA
2020-05-24,4.853933333333333,NA
2020-05-25,26.26147648148148,NA
2020-05-26,32.83048268518519,NA
2020-05-27,28.360250555555556,NA
2020-05-28,27.29964601851852,NA
2020-05-29,29.89323564814815,NA
2020-05-30,21.243901296296297,NA
2020-05-31,12.112269074074074,NA
2020-06-01,23.924144537037037,NA
2020-06-02,38.55230888888889,NA
2020-06-03,36.86916175925926,NA
2020-06-04,31.26714435185185,NA
2020-06-05,28.209324074074075,NA
2020-06-06,18.11897351851852,NA
2020-06-07,23.40376324074074,NA
2020-06-08,39.36085166666667,NA
2020-06-09,41.656335740740744,NA
2020-06-10,45.52711240740741,NA
2020-06-11,32.25923777777778,NA
2020-06-12,31.02599537037037,NA
2020-06-13,27.49931685185185,NA
2020-06-14,24.642308888888888,NA
2020-06-15,40.24040240740741,NA
2020-06-16,41.621220092592594,NA
2020-06-17,41.514285092592594,5.205
2020-06-18,38.31664361111111,5.31
2020-06-19,34.867263703703706,5.55
2020-06-20,28.19644925925926,NA
2020-06-21,24.378322592592593,NA
2020-06-22,36.91952666666667,5.56
2020-06-23,41.61096722222222,5.6
2020-06-24,43.24874203703704,5.7
2020-06-25,49.80923277777778,5.5
2020-06-26,43.547196666666665,5.2
2020-06-27,32.983932592592595,NA
2020-06-28,25.783264537037038,NA
2020-06-29,38.05158425925926,5.4
2020-06-30,34.872162870370374,6.12
2020-07-01,42.61741324074074,6.115
2020-07-02,47.17771861111111,5.7
2020-07-03,44.39771314814815,5.9
2020-07-04,27.280406666666664,NA
2020-07-05,16.001304814814816,NA
2020-07-06,31.199163703703704,6.1
2020-07-07,39.19160712962963,6.145
2020-07-08,45.60740666666667,6.115
2020-07-09,46.746632222222225,5.8
2020-07-10,40.99298138888889,5.61
2020-07-11,32.24401407407407,NA
2020-07-12,28.190609259259258,NA
2020-07-13,39.929206388888886,5.45
2020-07-14,42.49070351851852,5.105
2020-07-15,47.83274648148148,5.195
2020-07-16,47.564114814814815,5.15
2020-07-17,44.32074268518519,5.08
2020-07-18,34.32624388888889,NA
2020-07-19,33.18591175925926,NA
2020-07-20,40.61957240740741,5.035
2020-07-21,38.378207592592595,4.875
2020-07-22,40.22769175925926,4.7
2020-07-23,41.36142138888889,4.93
2020-07-24,37.82920657407407,5.1
2020-07-25,32.35773694444445,NA
2020-07-26,26.280372222222223,NA
2020-07-27,39.29775277777778,4.9
2020-07-28,37.206390185185185,4.85
2020-07-29,39.63242833333333,5
2020-07-30,44.45024648148148,5.97
2020-07-31,48.553090555555556,5.96
2020-08-01,39.680527777777776,NA
2020-08-02,34.27370851851852,NA
2020-08-03,44.11062861111111,6.08
2020-08-04,42.81255351851852,6.95
2020-08-05,41.5602662962963,7.32
2020-08-06,42.03088675925926,7.4
2020-08-07,42.33041842592593,7.75
2020-08-08,36.62742768518518,NA
2020-08-09,33.43916759259259,NA
2020-08-10,45.852830555555556,7.9
2020-08-11,45.2234037037037,7.6
2020-08-12,46.38500064814815,7.25
2020-08-13,47.10496175925926,7.25
2020-08-14,46.40943388888889,7.5
2020-08-15,35.91403018518518,NA
2020-08-16,33.69220055555556,NA
2020-08-17,49.46518685185185,8.245
2020-08-18,56.57151555555556,8.2
2020-08-19,50.27282148148148,8.8
2020-08-20,47.186522314814816,8.3
2020-08-21,41.93375842592593,8.02
2020-08-22,33.92418009259259,NA
2020-08-23,29.4543675,NA
2020-08-24,52.51204740740741,7.8
2020-08-25,49.97591388888889,8.54
2020-08-26,45.93529314814815,8.95
2020-08-27,57.51697731481481,10.675
2020-08-28,49.988957962962964,10.525
2020-08-29,42.64247925925926,NA
2020-08-30,40.77367981481481,NA
2020-08-31,61.48776083333333,11.3
2020-09-01,65.06395194444444,11
2020-09-02,64.74554194444444,11.375
2020-09-03,58.47646805555556,11.1
2020-09-04,53.7468275,11.885
2020-09-05,44.35879657407407,NA
2020-09-06,45.77550185185185,NA
2020-09-07,58.10676796296296,11.5
2020-09-08,52.75952064814815,11.325
2020-09-09,56.2191,10.65
2020-09-10,61.5487887037037,10.85
2020-09-11,62.355018333333334,10.5
2020-09-12,46.506619074074074,NA
2020-09-13,40.208474537037034,NA
2020-09-14,63.56462777777777,10.485
2020-09-15,79.33213759259259,10.8
2020-09-16,65.79608203703704,10.995
2020-09-17,62.006860555555555,11.155
2020-09-18,55.21471888888889,11.05
2020-09-19,48.8385912037037,NA
2020-09-20,46.63813074074074,NA
2020-09-21,64.90046657407407,11.7
2020-09-22,64.54149953703704,11.2
2020-09-23,57.572904074074074,11.8
2020-09-24,53.13506925925926,11.95
2020-09-25,49.086666666666666,11.45
2020-09-26,34.381280000000004,NA
2020-09-27,32.89041481481481,NA
2020-09-28,55.437845833333334,12
2020-09-29,63.262591666666665,13.8
2020-09-30,56.65106814814815,13.305
2020-10-01,49.922496574074074,13.85
2020-10-02,43.16599055555556,12.805
2020-10-03,32.21498222222222,NA
2020-10-04,21.224549166666666,NA
2020-10-05,43.808067037037034,13.35
2020-10-06,45.77649694444444,13.425
2020-10-07,50.41068537037037,13.15
2020-10-08,46.59691768518518,13.755
2020-10-09,51.27481092592593,13.975
2020-10-10,39.14800833333333,NA
2020-10-11,39.16502509259259,NA
2020-10-12,57.00406638888889,13.6
2020-10-13,53.72806787037037,13.78
2020-10-14,47.36095240740741,13.5
2020-10-15,50.57452037037037,14.05
2020-10-16,54.500663796296294,14.225
2020-10-17,45.0767675,NA
2020-10-18,38.58858111111111,NA
2020-10-19,51.95584731481481,14.5
2020-10-20,51.06151351851852,14.71
2020-10-21,45.23296027777778,14.8
2020-10-22,48.681996481481484,14.9
2020-10-23,52.433385,15.2
2020-10-24,40.859271666666665,NA
2020-10-25,30.869002685185183,NA
2020-10-26,45.44719898148148,15.2
2020-10-27,44.54341518518519,14.725
2020-10-28,41.91176675925926,14.705
2020-10-29,44.66901925925926,14.56
2020-10-30,43.30706333333333,14.295
2020-10-31,38.197591851851854,NA
2020-11-01,23.72391814814815,NA
2020-11-02,39.93958194444444,13.8
2020-11-03,43.77645814814815,13.71
2020-11-04,44.05508388888889,13.715
2020-11-05,41.27219731481482,13.85
2020-11-06,45.66812962962963,14.2
2020-11-07,41.21225787037037,NA
2020-11-08,41.16338888888889,NA
2020-11-09,53.466405370370374,13.77
2020-11-10,58.52642074074074,13.9
2020-11-11,54.34453324074074,14
2020-11-12,56.73165768518518,14
2020-11-13,56.29816666666667,14.055
2020-11-14,45.16323527777778,NA
2020-11-15,33.93229064814815,NA
2020-11-16,49.21717268518518,14.35
2020-11-17,48.22873574074074,14.3
2020-11-18,47.37596222222222,14
2020-11-19,45.5040587962963,13.65
2020-11-20,54.90364361111111,12.915
2020-11-21,39.62539185185185,NA
2020-11-22,36.724181111111115,NA
2020-11-23,56.49716222222222,13.6
2020-11-24,52.728112592592595,13.45
2020-11-25,55.16716787037037,14.095
2020-11-26,65.74518009259259,13.9
2020-11-27,76.62134231481481,14.425
2020-11-28,60.07533962962963,NA
2020-11-29,55.40474472222222,NA
2020-11-30,66.29473398148149,15
2020-12-01,66.95678092592593,15.3
2020-12-02,82.12286620370371,14.53
2020-12-03,72.59658064814815,14.995
2020-12-04,61.200643981481484,14.06
2020-12-05,52.233715833333335,NA
2020-12-06,46.55904648148148,NA
2020-12-07,57.48629592592593,14.025
2020-12-08,69.13589694444444,14.25
2020-12-09,81.28910027777778,14.2
2020-12-10,78.12446175925926,14.7
2020-12-11,64.61895268518519,15.45
2020-12-12,55.510820092592596,NA
2020-12-13,52.17084333333334,NA
2020-12-14,65.03945546296296,16.3
2020-12-15,64.36952351851852,16.8
2020-12-16,76.1710937962963,17.17
2020-12-17,81.7487462962963,16.3
2020-12-18,66.37908981481482,15.865
2020-12-19,52.427645185185185,NA
2020-12-20,47.676432222222225,NA
2020-12-21,62.53451722222222,16.15
2020-12-22,59.45108435185185,17.25
2020-12-23,55.403014444444445,17.8
2020-12-24,37.90027851851852,17.45
2020-12-25,36.92624740740741,NA
2020-12-26,36.057909351851855,NA
2020-12-27,27.176557037037036,NA
2020-12-28,41.86946611111111,18.27
2020-12-29,50.418649907407406,19.1
2020-12-30,52.64377962962963,19.1
2020-12-31,53.183979629629626,19
2021-01-01,48.748650833333336,NA
2021-01-02,55.23522537037037,NA
2021-01-03,45.63365546296296,NA
2021-01-04,59.28711796296297,19.2
2021-01-05,63.65671537037037,19.05
2021-01-06,62.017531481481484,17.75
2021-01-07,80.400425,18
2021-01-08,89.15859888888889,19.75
2021-01-09,67.36357685185185,NA
2021-01-10,58.977939444444445,NA
2021-01-11,63.45307435185185,21.25
2021-01-12,67.79619981481481,22.245
2021-01-13,70.87885462962963,25
2021-01-14,82.37332666666667,22.5
2021-01-15,88.5190501851852,20.5
2021-01-16,67.16475,NA
2021-01-17,64.6202062962963,NA
2021-01-18,77.12575962962963,19.6
2021-01-19,74.45585796296297,18.8
2021-01-20,64.53382666666667,20.8
2021-01-21,58.08902648148148,19.7
2021-01-22,57.45113351851852,20.105
2021-01-23,56.659521481481484,NA
2021-01-24,54.603117777777776,NA
2021-01-25,74.40950444444444,22.305
2021-01-26,71.24744055555556,19.6
2021-01-27,68.97327481481481,19.15
2021-01-28,67.0898275925926,20.2
2021-01-29,61.571102777777774,20.75
2021-01-30,53.602466111111106,NA
2021-01-31,51.551024444444444,NA
2021-02-01,70.80561351851851,19.3
2021-02-02,66.97401648148148,18
2021-02-03,56.80185907407407,17.65
2021-02-04,62.336687222222224,17.795
2021-02-05,67.92742722222222,17.95
2021-02-06,49.664806666666664,NA
2021-02-07,33.198215,NA
2021-02-08,52.77426,19.6
2021-02-09,65.91733203703704,19.15
2021-02-10,73.54326851851852,19.1
2021-02-11,85.34907851851852,18.1
2021-02-12,73.90793,17
2021-02-13,61.81815611111111,NA
2021-02-14,51.057158703703706,NA
2021-02-15,63.28032777777778,17
2021-02-16,68.5846175925926,16.25
2021-02-17,68.43382925925926,16.7
2021-02-18,63.184998703703705,16.9
2021-02-19,61.655728333333336,17.2
2021-02-20,46.24327037037037,NA
2021-02-21,40.80025435185185,NA
2021-02-22,60.83460842592593,16.45
2021-02-23,56.27611703703704,16.195
2021-02-24,49.943267222222225,16.2
2021-02-25,53.59413537037037,16.19
2021-02-26,54.19356277777778,15.85
2021-02-27,50.56333879629629,NA
2021-02-28,43.8723700925926,NA
2021-03-01,58.59283666666666,15.715
2021-03-02,61.60395444444444,16.1
2021-03-03,61.33371814814815,15.75
2021-03-04,62.58947231481481,15.85
2021-03-05,62.13987731481481,15.93
2021-03-06,50.56508324074074,NA
2021-03-07,50.76096240740741,NA
2021-03-08,71.76629972222221,16.65
2021-03-09,71.46472342592592,16.495
2021-03-10,64.48601972222222,17.18
2021-03-11,52.714219444444446,17.9
2021-03-12,55.090129814814816,18.07
2021-03-13,46.782592037037034,NA
2021-03-14,43.845084444444446,NA
2021-03-15,59.45816351851852,18.2
2021-03-16,65.43200453703703,17.625
2021-03-17,63.99305898148148,17.65
2021-03-18,71.07488583333334,18.225
2021-03-19,67.126645,17.055
2021-03-20,54.51988574074074,NA
2021-03-21,45.05205870370371,NA
2021-03-22,67.98025018518518,17.27
2021-03-23,68.11829388888889,17.855
2021-03-24,66.656655,18.695
2021-03-25,69.69765324074073,18.55
2021-03-26,65.88650435185185,18.45
2021-03-27,46.80542935185185,NA
2021-03-28,41.50008453703703,NA
2021-03-29,55.890048425925926,18.9
2021-03-30,61.26159490740741,18.095
2021-03-31,65.5465599074074,18.7
2021-04-01,62.25095546296296,19
2021-04-02,50.870032962962966,NA
2021-04-03,48.1094512962963,NA
2021-04-04,33.393477222222224,NA
2021-04-05,25.716924814814814,19.172
2021-04-06,58.098540925925924,19.985
2021-04-07,69.39083138888888,19.795
2021-04-08,73.3308125925926,19.155
2021-04-09,64.96692074074075,19
2021-04-10,63.55786796296296,NA
2021-04-11,55.981609999999996,NA
2021-04-12,72.06011305555556,19.45
2021-04-13,76.58131009259259,19.35
2021-04-14,83.25995425925926,19.555
2021-04-15,81.93815379629629,19.89
2021-04-16,76.96023833333334,20.485
2021-04-17,69.85099037037037,NA
2021-04-18,70.93748712962963,NA
2021-04-19,86.68038370370371,20.8
2021-04-20,88.12891768518519,20.75
2021-04-21,77.06226055555555,21.005
2021-04-22,70.74871583333334,21.225
2021-04-23,71.05733083333334,21.2
2021-04-24,61.292788333333334,NA
2021-04-25,50.22744,NA
2021-04-26,77.12748712962963,20.15
2021-04-27,78.72777842592592,19.85
2021-04-28,77.73909018518519,21.42
2021-04-29,77.0214613888889,21.5
2021-04-30,79.05946444444444,22.445
2021-05-01,66.98213074074074,NA
2021-05-02,55.17915601851852,NA
2021-05-03,70.55798777777778,23.35
2021-05-04,59.81517962962963,24.14
2021-05-05,65.09466722222223,23.255
2021-05-06,79.44850259259259,24.14
2021-05-07,80.34645333333333,24.45
2021-05-08,58.2062462962963,NA
2021-05-09,27.617691666666666,NA
2021-05-10,69.9638462962963,24.445
2021-05-11,76.9785874074074,24.6
2021-05-12,75.30224435185185,26.1
2021-05-13,69.23561953703704,26
2021-05-14,79.35818833333333,26.35
2021-05-15,62.821847777777776,NA
2021-05-16,49.25219111111111,NA
2021-05-17,83.94195268518519,26.605
2021-05-18,80.05481185185185,25.875
2021-05-19,85.91847861111111,24.05
2021-05-20,77.05010018518519,22.78
2021-05-21,55.38991083333333,24.5
2021-05-22,49.49590888888889,NA
2021-05-23,42.42320407407407,NA
2021-05-24,62.36811509259259,24.37
2021-05-25,76.559365,25
2021-05-26,79.99124583333334,26.45
2021-05-27,86.24423037037037,25.45
2021-05-28,85.61175277777778,25.005
2021-05-29,65.61533925925926,NA
2021-05-30,50.46295472222222,NA
2021-05-31,79.74036814814815,25.25
2021-06-01,79.93540444444444,25.495
2021-06-02,78.06186231481482,25.55
2021-06-03,74.0225312962963,26
2021-06-04,84.56528453703704,25.895
2021-06-05,73.78672009259259,NA
2021-06-06,68.7190287037037,NA
2021-06-07,92.22120675925926,25.78
2021-06-08,91.31074305555555,26.92
2021-06-09,92.71297277777778,27.5
2021-06-10,92.1517162962963,28.1
2021-06-11,89.99779166666667,28.795
2021-06-12,64.87277675925927,NA
2021-06-13,40.84866,NA
2021-06-14,87.45108833333333,28.49
2021-06-15,91.96199925925926,29.05
2021-06-16,98.02777805555556,28.095
2021-06-17,94.45779027777778,27.8
2021-06-18,80.00778944444444,28.975
2021-06-19,69.87724296296297,NA
2021-06-20,60.712963611111114,NA
2021-06-21,78.33020675925926,29.84
2021-06-22,85.80566583333334,29.55
2021-06-23,94.19320296296296,30.85
2021-06-24,97.15109212962963,31.255
2021-06-25,90.47137407407408,32.18
2021-06-26,79.05229314814815,NA
2021-06-27,67.4039124074074,NA
2021-06-28,92.39103981481482,32.745
2021-06-29,96.66805351851852,32.15
2021-06-30,95.03996425925926,33.175
2021-07-01,92.04029722222222,35
2021-07-02,99.69091611111111,36.3
2021-07-03,86.56123675925926,NA
2021-07-04,80.58743351851851,NA
2021-07-05,93.65276342592593,36.28
2021-07-06,85.37364203703703,38.005
2021-07-07,101.22321472222222,34
2021-07-08,102.78508425925925,33
2021-07-09,93.53143175925926,33.6
2021-07-10,83.40288074074074,NA
2021-07-11,79.33420296296296,NA
2021-07-12,97.74619814814815,36.82
2021-07-13,98.82726444444445,34.635
2021-07-14,94.01651518518518,35.05
2021-07-15,94.96493796296296,33.5
2021-07-16,92.11815601851852,34.3
2021-07-17,76.63174259259259,NA
2021-07-18,62.79303314814815,NA
2021-07-19,95.20534425925926,35.25
2021-07-20,94.42623611111111,35.25
2021-07-21,91.49561842592593,35.205
2021-07-22,89.03274444444445,35.4
2021-07-23,90.34089981481482,35.895
2021-07-24,79.60403333333333,NA
2021-07-25,70.17791,NA
2021-07-26,92.680785,35.7
2021-07-27,95.13719740740741,37
2021-07-28,92.23245972222222,37.92
2021-07-29,85.40371444444445,39.95
2021-07-30,88.70948712962964,41.685
2021-07-31,68.44310018518519,NA
2021-08-01,70.76859916666666,NA
2021-08-02,94.6901461111111,41.36
2021-08-03,106.20918981481482,42.5
2021-08-04,113.1695362962963,41.5
2021-08-05,101.11665472222222,41.95
2021-08-06,89.7328975925926,43.785
2021-08-07,73.72453055555556,NA
2021-08-08,53.2753412962963,NA
2021-08-09,98.84611796296296,43.965
2021-08-10,107.4264662962963,43.885
2021-08-11,112.85604925925925,44.98
2021-08-12,112.5983162037037,45.855
2021-08-13,103.22926777777778,45.645
2021-08-14,84.48493203703704,NA
2021-08-15,78.49659638888889,NA
2021-08-16,89.45381296296296,45.045
2021-08-17,84.32026287037037,47.35
2021-08-18,91.5972475925926,46.2
2021-08-19,99.01389731481481,44.99
2021-08-20,104.00923018518519,41
2021-08-21,95.37945620370371,NA
2021-08-22,85.20846527777778,NA
2021-08-23,100.53074,42.495
2021-08-24,103.0191711111111,42.785
2021-08-25,97.55636037037037,45.225
2021-08-26,105.28020166666667,45.005
2021-08-27,102.59231481481481,46.45
2021-08-28,91.42285157407407,NA
2021-08-29,86.70280861111111,NA
2021-08-30,111.96426833333332,48.5
2021-08-31,114.84554768518518,49.005
2021-09-01,114.16496944444444,50.65
2021-09-02,117.84015990740741,50.75
2021-09-03,115.23640472222222,52.395
2021-09-04,109.81348416666667,NA
2021-09-05,100.95636972222222,NA
2021-09-06,124.10471564814814,51.135
2021-09-07,123.67969722222222,52.4
2021-09-08,122.07017231481481,54.07
2021-09-09,129.75549481481482,55.575
2021-09-10,138.0589161111111,56.4
2021-09-11,126.80631564814814,NA
2021-09-12,112.83482527777778,NA
2021-09-13,138.2651712962963,58.35
2021-09-14,144.06158527777777,61.27
2021-09-15,163.74383925925926,66.89
2021-09-16,162.18810499999998,65
2021-09-17,150.23947342592592,63.5
2021-09-18,132.3687237037037,NA
2021-09-19,107.5858436111111,NA
2021-09-20,150.73910657407407,64.8
2021-09-21,145.66521962962963,73.005
2021-09-22,148.52622287037036,72.45
2021-09-23,119.02500833333333,70
2021-09-24,128.23129953703705,69.425
2021-09-25,133.56787046296296,NA
2021-09-26,125.94732416666666,NA
2021-09-27,149.4049850925926,71
2021-09-28,160.3430801851852,82
2021-09-29,148.86788759259258,78.95
2021-09-30,143.8700327777778,87.195
2021-10-01,139.30221851851852,96.05
2021-10-02,122.23213425925925,NA
2021-10-03,88.32811759259259,NA
2021-10-04,164.14211712962964,94.815
2021-10-05,159.58059722222222,99
2021-10-06,182.0134638888889,125
2021-10-07,248.65593101851852,105.3
2021-10-08,198.50341481481482,103
2021-10-09,161.32351296296295,NA
2021-10-10,148.14171342592593,NA
2021-10-11,173.74636203703704,84.25
2021-10-12,184.14091805555555,83
2021-10-13,194.49331064814817,88
2021-10-14,181.07867777777778,94
2021-10-15,163.45469259259258,103.5
2021-10-16,158.41878055555557,NA
2021-10-17,154.4277412037037,NA
2021-10-18,202.7280861111111,87.03
2021-10-19,188.5862013888889,89.5
2021-10-20,145.58655185185185,92
2021-10-21,142.7985351851852,94
2021-10-22,154.83343055555557,87.55
2021-10-23,166.11339537037037,NA
2021-10-24,128.10045277777778,NA
2021-10-25,171.83944953703704,89.25
2021-10-26,188.0401888888889,90.5
2021-10-27,165.81287592592594,88.65
2021-10-28,158.97281064814814,83
2021-10-29,142.58452685185185,77
2021-10-30,118.25679027777778,NA
2021-10-31,98.87264722222223,NA
2021-11-01,120.11253564814815,69
2021-11-02,170.71614398148148,68.5
2021-11-03,168.8492226851852,73.75
2021-11-04,160.22061157407407,76.6
2021-11-05,148.30878194444443,75.21
2021-11-06,109.33109444444445,NA
2021-11-07,98.31409305555556,NA
2021-11-08,180.04372916666668,78
2021-11-09,161.98445833333332,76
2021-11-10,170.50856666666667,66
2021-11-11,169.91490046296295,71.555
2021-11-12,173.1981337962963,77.72
2021-11-13,164.6025800925926,NA
2021-11-14,158.74449027777777,NA
2021-11-15,202.95307453703703,78.75
2021-11-16,210.51010277777777,82.35
2021-11-17,186.24373935185184,95.08
2021-11-18,180.74816018518518,97
2021-11-19,170.3889361111111,93
2021-11-20,158.01262777777777,NA
2021-11-21,168.79219212962963,NA
2021-11-22,222.65871759259258,86.25
2021-11-23,226.2662861111111,85.105
2021-11-24,236.4952111111111,91.505
2021-11-25,223.51341944444445,93.575
2021-11-26,209.8854685185185,93.195
2021-11-27,203.97178055555557,NA
2021-11-28,199.41373611111112,NA
2021-11-29,257.5857472222222,91
2021-11-30,201.80896944444444,95
2021-12-01,197.820975,92.45
2021-12-02,229.08993425925925,93.245
2021-12-03,210.29314351851852,91.5
2021-12-04,199.4463,NA
2021-12-05,172.7082638888889,NA
2021-12-06,260.0002083333333,89.5
2021-12-07,271.5205416666667,93.995
2021-12-08,239.37234722222223,97
2021-12-09,261.43748194444447,101.065
2021-12-10,232.2148013888889,102
2021-12-11,225.35719166666667,NA
2021-12-12,196.26076944444443,NA
2021-12-13,256.9709305555555,111.995
2021-12-14,270.54233194444447,120
2021-12-15,248.40320277777778,128.2
2021-12-16,279.03065833333335,128
2021-12-17,286.6336333333333,130
2021-12-18,220.89988888888888,NA
2021-12-19,192.87322962962963,NA
2021-12-20,324.5139722222222,140.755
2021-12-21,406.81683055555555,153
2021-12-22,401.9453787037037,174.72
2021-12-23,311.97258842592595,164
2021-12-24,212.25206111111112,123
2021-12-25,178.91475555555556,NA
2021-12-26,173.77716388888888,NA
2021-12-27,155.14377222222222,98.995
2021-12-28,140.30272685185184,99.015
2021-12-29,165.78816527777778,97.105
2021-12-30,120.98733055555556,94.255
2021-12-31,90.06656407980145,87
2022-01-01,93.52703055555556,NA
2022-01-02,76.46723888888889,NA
2022-01-03,113.86426018518519,67.945
2022-01-04,154.740525,88
2022-01-05,140.9059138888889,92.35
2022-01-06,187.83364212962962,97.8
2022-01-07,187.11517962962964,100
2022-01-08,179.1744675925926,NA
2022-01-09,163.12017777777777,NA
2022-01-10,245.26513055555557,90
2022-01-11,226.80925694444446,84.005
2022-01-12,207.91385,84
2022-01-13,176.13390277777776,76
2022-01-14,175.12066944444445,90
2022-01-15,194.20117222222223,NA
2022-01-16,159.82313611111113,NA
2022-01-17,176.8735324074074,85
2022-01-18,211.8088125,81.7
2022-01-19,183.72823703703705,78
2022-01-20,160.78924166666667,72
2022-01-21,175.85681944444445,75.8
2022-01-22,176.8681347222222,NA
2022-01-23,172.73705555555557,NA
2022-01-24,203.1805361111111,78.29
2022-01-25,241.52396064814815,92
2022-01-26,217.6783824074074,88.815
2022-01-27,187.7885777777778,91.83
2022-01-28,190.23781944444445,90.96
2022-01-29,158.58302037037038,NA
2022-01-30,137.08245,NA
2022-01-31,199.07681203703703,90
2022-02-01,188.70505833333334,83
2022-02-02,187.31396481481482,75.88
2022-02-03,190.97380277777776,80
2022-02-04,169.52242592592592,80.6
2022-02-05,140.94992129629628,NA
2022-02-06,123.65885277777778,NA
2022-02-07,153.03105648148147,81
2022-02-08,149.89655,81.25
2022-02-09,167.90623055555554,74.58
2022-02-10,170.65232314814816,76.985
2022-02-11,174.37359907407406,74
2022-02-12,141.32274722222223,NA
2022-02-13,109.91289722222223,NA
2022-02-14,150.03388333333334,84.15
2022-02-15,160.47412407407407,79.5
2022-02-16,146.27402407407408,69
2022-02-17,118.2315962962963,71.5
2022-02-18,131.41102222222221,74
2022-02-19,100.63624722222222,NA
2022-02-20,103.52085555555556,NA
2022-02-21,122.4001111111111,74
2022-02-22,139.66648055555555,79.95
2022-02-23,146.68797222222221,79.75
2022-02-24,139.26401805555557,101
2022-02-25,174.42428194444443,113.4
2022-02-26,197.75835138888888,NA
2022-02-27,163.9246138888889,NA
2022-02-28,201.22718194444445,115
2022-03-01,214.95594675925926,98.795
2022-03-02,236.84315694444444,135
2022-03-03,278.8765898148148,179.25
2022-03-04,313.5608851851852,159
2022-03-05,293.9089875,NA
2022-03-06,280.22217916666665,NA
2022-03-07,345.70905416666665,210
2022-03-08,422.9630597222222,255.9
2022-03-09,370.2221861111111,205
2022-03-10,274.93742777777777,145
2022-03-11,210.84875555555556,122
2022-03-12,193.01927685185186,NA
2022-03-13,182.76794999999998,NA
2022-03-14,250.37804027777779,124
2022-03-15,261.5178287037037,105.05
2022-03-16,233.71977685185186,114.9
2022-03-17,200.8272375,105
2022-03-18,202.01964814814815,107
2022-03-19,159.5434101851852,NA
2022-03-20,122.089375,NA
2022-03-21,195.42038194444444,105
2022-03-22,210.6254611111111,97
2022-03-23,211.17463333333333,97
2022-03-24,212.55985555555554,109.37
2022-03-25,209.24425416666668,109
2022-03-26,165.53858055555557,101.269
2022-03-27,161.6567652777778,NA
2022-03-28,180.15871666666666,97.995
2022-03-29,219.29918472222224,108.63
2022-03-30,230.54504166666666,111.095
2022-03-31,202.56678333333332,110
2022-04-01,180.76281944444443,126.5
2022-04-02,169.50428287037036,NA
2022-04-03,162.41509722222222,NA
2022-04-04,186.00618333333333,117.985
2022-04-05,187.1122736111111,111
2022-04-06,162.72736666666665,104
2022-04-07,136.1095,105.505
2022-04-08,145.8963138888889,104.005
2022-04-09,116.80379814814815,NA
2022-04-10,98.92421944444445,NA
2022-04-11,190.53420740740742,102.545
2022-04-12,194.8831111111111,103
2022-04-13,198.42228055555555,102.5
2022-04-14,198.96378611111112,103.625
2022-04-15,170.22146666666666,NA
2022-04-16,135.29726666666667,NA
2022-04-17,97.43323333333333,NA
2022-04-18,126.11088564814816,95.62
2022-04-19,191.35934166666667,85.5
2022-04-20,175.2607638888889,95.49
2022-04-21,170.72340185185186,92
2022-04-22,161.7901486111111,103.1
2022-04-23,113.53296203703704,NA
2022-04-24,121.7274587962963,NA
2022-04-25,204.5874851851852,96
2022-04-26,215.58536111111113,93.775
2022-04-27,206.04406944444443,127.5
2022-04-28,210.4877013888889,110.15
2022-04-29,209.4966638888889,97
2022-04-30,181.4689263888889,NA
2022-05-01,173.84405833333335,NA
2022-05-02,186.01755694444444,95.9
2022-05-03,194.29147916666668,96
2022-05-04,215.38213425925926,97.505
2022-05-05,213.16771666666668,107.125
2022-05-06,205.55101944444445,109
2022-05-07,177.52414953703703,NA
2022-05-08,156.6399759259259,NA
2022-05-09,204.92391018518518,99
2022-05-10,174.22244722222223,92
2022-05-11,170.55473333333333,102.995
2022-05-12,168.63653333333335,95.01
2022-05-13,172.79025185185185,106
2022-05-14,152.3272537037037,NA
2022-05-15,134.16039907407406,NA
2022-05-16,196.0418625,96.88
2022-05-17,208.42479444444444,90.255
2022-05-18,193.7801736111111,92.75
2022-05-19,205.9918347222222,94
2022-05-20,203.6907236111111,90
2022-05-21,143.60675138888888,NA
2022-05-22,159.56309444444446,NA
2022-05-23,188.20842777777779,85.05
2022-05-24,176.74106805555556,84
2022-05-25,174.66419027777778,84.87
2022-05-26,134.51730972222222,88
2022-05-27,139.99537777777778,83.5
2022-05-28,116.36006666666667,NA
2022-05-29,152.9765148148148,NA
2022-05-30,210.6927726851852,90.4
2022-05-31,201.33650833333334,94
2022-06-01,206.37874861111112,91.75
2022-06-02,180.5500125,85
2022-06-03,180.41845694444444,83.805
2022-06-04,169.58887638888888,NA
2022-06-05,138.45038055555557,NA
2022-06-06,154.76585277777778,84.855
2022-06-07,195.48180833333333,79.05
2022-06-08,198.16189675925926,80.75
2022-06-09,193.1613986111111,86.195
2022-06-10,193.17823472222221,85.1
2022-06-11,139.17225277777777,NA
2022-06-12,115.461475,NA
2022-06-13,173.56674583333333,83.495
2022-06-14,189.89835694444446,83.75
2022-06-15,207.8896472222222,98.5
2022-06-16,211.78996805555556,124.85
2022-06-17,242.41208472222223,116
2022-06-18,185.8038037037037,NA
2022-06-19,149.58648888888888,NA
2022-06-20,259.13980833333335,122.995
2022-06-21,264.5701625,122
2022-06-22,285.4188763888889,124.6
2022-06-23,268.23612777777777,126
2022-06-24,234.99863888888888,134
2022-06-25,223.67918055555555,NA
2022-06-26,204.57788472222222,NA
2022-06-27,288.39535416666666,132.5
2022-06-28,306.1397958333333,129.495
2022-06-29,289.8862736111111,132
2022-06-30,308.1491902777778,144.695
2022-07-01,298.76211944444447,147
2022-07-02,217.18916805555554,NA
2022-07-03,203.57224074074074,NA
2022-07-04,311.52542222222223,151.25
2022-07-05,300.5546277777778,167.5
2022-07-06,293.46108888888887,155
2022-07-07,272.06612083333334,176.885
2022-07-08,271.51309305555554,180
2022-07-09,169.15385833333335,NA
2022-07-10,167.20090833333333,NA
2022-07-11,355.0044875,159
2022-07-12,345.68265138888887,169
2022-07-13,325.6101972222222,178
2022-07-14,320.59470833333336,177.7
2022-07-15,313.92828333333335,173.03
2022-07-16,225.62445833333334,NA
2022-07-17,209.09221666666667,NA
2022-07-18,344.85659444444445,164.76
2022-07-19,335.16258055555556,161
2022-07-20,317.5623638888889,153
2022-07-21,361.86348055555555,145
2022-07-22,358.8344652777778,160
2022-07-23,306.2415138888889,NA
2022-07-24,260.0355166666667,NA
2022-07-25,330.0475231481482,159.005
2022-07-26,342.3856777777778,179
2022-07-27,359.49508055555555,208
2022-07-28,405.90223194444445,200
2022-07-29,383.8527222222222,199.85
2022-07-30,332.216325,NA
2022-07-31,276.39559722222225,NA
2022-08-01,373.71654722222223,192
2022-08-02,354.87631944444445,199.985
2022-08-03,348.3575583333333,203
2022-08-04,343.6728166666667,195
2022-08-05,331.82753055555554,198.005
2022-08-06,264.5994944444444,NA
2022-08-07,213.432525,NA
2022-08-08,369.243825,195.2
2022-08-09,329.5125291666667,189.005
2022-08-10,309.9361513888889,194.5
2022-08-11,348.9364138888889,208
2022-08-12,394.84080555555556,207.65
2022-08-13,362.9432148148148,NA
2022-08-14,326.49620648148147,NA
2022-08-15,384.3000449074074,207
2022-08-16,429.7222,230
2022-08-17,495.32935833333335,223
2022-08-18,484.24056712962965,225.495
2022-08-19,448.8236958333333,237.03
2022-08-20,375.9206625,NA
2022-08-21,333.82246296296296,NA
2022-08-22,492.0178462962963,263.995
2022-08-23,548.0065768518518,290.975
2022-08-24,546.0728842592592,266
2022-08-25,528.9131175925926,297
2022-08-26,580.9171203703704,321
2022-08-27,511.8722199074074,NA
2022-08-28,418.45214166666665,NA
2022-08-29,587.4635574074074,320
2022-08-30,602.1931828703704,293.525
2022-08-31,553.5537513888888,269
2022-09-01,517.3102462962963,243
2022-09-02,411.1155342592593,238
2022-09-03,304.7973166666667,NA
2022-09-04,266.15491388888887,NA
2022-09-05,379.662125,264.465
2022-09-06,416.2784560185185,235.325
2022-09-07,403.7115953703704,240
2022-09-08,371.3844277777778,200
2022-09-09,324.397475,219
2022-09-10,359.2503916666667,NA
2022-09-11,351.2907652777778,NA
2022-09-12,379.6484527777778,201
2022-09-13,357.1088722222222,191
2022-09-14,374.4046916666667,201
2022-09-15,334.455225,222
2022-09-16,286.18444166666666,208
2022-09-17,189.71237685185184,NA
2022-09-18,140.8874888888889,NA
2022-09-19,269.41141018518516,184.5
2022-09-20,329.49379212962964,171
2022-09-21,351.625287037037,203
2022-09-22,357.68434444444443,189
2022-09-23,344.94339675925926,187.685
2022-09-24,311.3061851851852,NA
2022-09-25,248.47327685185186,NA
2022-09-26,271.94750648148147,183
2022-09-27,285.92586666666665,176
2022-09-28,329.739725,207
2022-09-29,359.75435,214.005
2022-09-30,315.2163009259259,205.995
2022-10-01,186.60180648148147,NA
2022-10-02,174.01461111111112,NA
2022-10-03,257.54512314814815,190.5
2022-10-04,264.2630972222222,159
2022-10-05,200.78355277777777,165
2022-10-06,169.9513712962963,176
2022-10-07,174.24598703703703,166
2022-10-08,171.01962037037038,NA
2022-10-09,148.00663055555555,NA
2022-10-10,188.60631666666666,148.33
2022-10-11,252.79526388888888,155
2022-10-12,255.30928379629628,153.5
2022-10-13,242.41014444444443,157.505
2022-10-14,239.40050462962964,150
2022-10-15,156.30827129629628,NA
2022-10-16,119.7872324074074,NA
2022-10-17,171.32702592592594,134.65
2022-10-18,183.4810824074074,123
2022-10-19,161.47607037037037,110
2022-10-20,169.4766351851852,113.005
2022-10-21,180.6886074074074,124.1
2022-10-22,136.10437314814814,NA
2022-10-23,107.44495694444444,NA
2022-10-24,145.6617398148148,110.2
2022-10-25,127.55497314814815,95
2022-10-26,137.41755925925926,102
2022-10-27,141.59525555555555,98
2022-10-28,115.66049907407407,140
2022-10-29,89.70388333333334,NA
2022-10-30,112.53555925925926,NA
2022-10-31,143.9777212962963,137.5
2022-11-01,127.7651361111111,120
2022-11-02,136.77368425925926,116
2022-11-03,131.461275,132.12
2022-11-04,159.27458981481482,134.75
2022-11-05,122.16631944444445,NA
2022-11-06,94.71404351851851,NA
2022-11-07,139.87826388888888,112
2022-11-08,135.3134814814815,113
2022-11-09,160.32154722222222,115
2022-11-10,179.63562222222222,113
2022-11-11,137.31676666666667,110
2022-11-12,144.77541666666667,NA
2022-11-13,144.34104351851852,NA
2022-11-14,176.98426203703704,99.75
2022-11-15,189.11063796296295,117.5
2022-11-16,200.18507222222223,118.88
2022-11-17,185.44327592592592,105
2022-11-18,203.36909074074075,115
2022-11-19,191.61560462962962,NA
2022-11-20,192.94878055555557,NA
2022-11-21,229.61050925925926,110
2022-11-22,200.95719814814814,117.375
2022-11-23,195.5371240740741,127.75
2022-11-24,243.1713962962963,130
2022-11-25,253.7321787037037,124.5
2022-11-26,229.84182175925926,NA
2022-11-27,177.03014444444443,NA
2022-11-28,270.0118851851852,126
2022-11-29,343.0369425925926,129.25
2022-11-30,366.7224083333333,137
2022-12-01,360.8814398148148,147.5
2022-12-02,347.1174472222222,140
2022-12-03,285.46133796296294,NA
2022-12-04,274.7434037037037,NA
2022-12-05,325.277625,NA
2022-12-06,360.8631462962963,NA
2022-12-07,339.1416574074074,NA
2022-12-08,355.4136611111111,NA
2022-12-09,369.4171925925926,NA
2022-12-10,316.8643592592593,NA
2022-12-11,281.2912703703704,NA
2022-12-12,377.9677787037037,NA
2022-12-13,392.56542685185184,NA
2022-12-14,401.29158425925925,NA
2022-12-15,358.45039444444444,NA
2022-12-16,352.4689069444444,NA
2022-12-17,244.03615,NA
2022-12-18,182.0582263888889,NA
2022-12-19,187.64108472222222,NA
2022-12-20,194.78667777777778,NA
2022-12-21,211.05174583333334,NA
2022-12-22,188.86246111111112,NA
2022-12-23,168.6324222222222,NA
2022-12-24,113.47734305555556,NA
2022-12-25,100.46413333333334,NA
2022-12-26,64.08324861111112,NA
2022-12-27,111.13620555555556,NA
2022-12-28,95.131,NA
2022-12-29,64.63685,NA
2022-12-30,48.66118055555556,NA
2022-12-31,38.313346028216955,NA
